ID	CSM5LLGB	CSM6J2H9	CSM79HGR	ESM5GEYX	ESM5GEYY	ESM5GEZ1	ESM5MEAB	ESM5MEB9	ESM5MEC7	ESM5MEDP	ESM5MEE2	ESM5MEEJ	ESM718U9	ESM7F5AE	HSM5MD6S	HSM67VDR	HSM67VDT	HSM6XRQC	HSM6XRTE	HSM7CZ2X	HSM7J4JV	HSMA33J1
gi|1002525|gb|AAC83383.1|	0.0	0.0	1.0	0.0	1.0	0.0	0.0	0.0	0.0	0.0	0.0	1.0	0.0	0.0	0.0	0.0	0.0	0.0	1.0	0.0	0.0	0.0
gi|10059904|gb|AAE36430.1|	0.0	0.0	0.0	0.0	0.0	0.0	0.0	0.0	0.0	0.0	0.0	0.0	0.0	0.0	0.0	0.0	0.0	0.0	1.0	0.0	0.0	0.0
gi|10173399|dbj|BAB04504.1|	0.0	0.0	0.0	0.0	0.0	1.0	0.0	0.0	0.0	0.0	0.0	0.0	0.0	0.0	0.0	1.0	0.0	0.0	0.0	0.0	0.0	0.0
gi|10173683|dbj|BAB04787.1|	0.0	0.0	0.0	0.0	0.0	0.0	0.0	0.0	0.0	0.0	1.0	0.0	0.0	0.0	0.0	0.0	0.0	0.0	0.0	0.0	0.0	0.0
gi|10174724|dbj|BAB05824.1|	0.0	0.0	0.0	0.0	1.0	2.0	1.0	1.0	1.0	1.0	0.0	0.0	0.0	1.0	1.0	1.0	0.0	1.0	0.0	0.0	1.0	0.0
gi|10174847|dbj|BAB05947.1|	0.0	0.0	0.0	0.0	0.0	0.0	0.0	0.0	0.0	0.0	0.0	0.0	0.0	0.0	0.0	0.0	0.0	0.0	1.0	0.0	0.0	0.0
gi|10176307|dbj|BAB07402.1|	0.0	0.0	0.0	0.0	0.0	0.0	0.0	0.0	0.0	0.0	0.0	0.0	0.0	0.0	0.0	0.0	0.0	0.0	1.0	0.0	0.0	0.0
gi|104303689|gb|ABF72116.1|	0.0	0.0	0.0	0.0	0.0	0.0	0.0	0.0	0.0	0.0	0.0	0.0	0.0	1.0	0.0	0.0	0.0	0.0	0.0	0.0	0.0	0.0
gi|1045034|gb|AAC41485.1|	0.0	0.0	1.0	1.0	4.0	1.0	0.0	3.0	1.0	1.0	1.0	3.0	0.0	4.0	3.0	2.0	5.0	0.0	6.0	1.0	1.0	0.0
gi|1061286|emb|CAA58314.1|	0.0	0.0	0.0	0.0	0.0	0.0	0.0	0.0	0.0	0.0	0.0	0.0	0.0	1.0	0.0	0.0	0.0	0.0	0.0	0.0	0.0	0.0
gi|10639441|emb|CAC11443.1|	0.0	0.0	0.0	0.0	0.0	0.0	0.0	0.0	0.0	0.0	0.0	0.0	0.0	0.0	0.0	0.0	0.0	0.0	0.0	0.0	0.0	1.0
gi|10834609|gb|AAG23740.1|AF230379_1	0.0	0.0	0.0	1.0	1.0	2.0	0.0	0.0	0.0	0.0	2.0	1.0	0.0	1.0	0.0	1.0	1.0	0.0	0.0	0.0	0.0	2.0
gi|109150258|dbj|BAE96028.1|	0.0	0.0	0.0	1.0	1.0	0.0	1.0	2.0	3.0	0.0	1.0	1.0	0.0	0.0	1.0	0.0	0.0	0.0	0.0	0.0	0.0	2.0
gi|1095454|prf||2109195A	0.0	0.0	1.0	0.0	1.0	0.0	3.0	0.0	1.0	1.0	0.0	0.0	1.0	1.0	1.0	1.0	1.0	0.0	0.0	0.0	0.0	1.0
gi|1100077|gb|AAC05714.1|	0.0	0.0	0.0	0.0	1.0	0.0	0.0	0.0	0.0	0.0	0.0	0.0	0.0	0.0	0.0	0.0	0.0	0.0	1.0	0.0	0.0	0.0
gi|11044945|emb|CAC14565.1|	0.0	0.0	0.0	0.0	0.0	0.0	0.0	0.0	0.0	0.0	0.0	0.0	0.0	0.0	0.0	0.0	0.0	0.0	1.0	0.0	0.0	0.0
gi|110611196|gb|ABG77968.1|	0.0	0.0	1.0	0.0	1.0	2.0	0.0	0.0	1.0	0.0	2.0	2.0	0.0	1.0	1.0	1.0	0.0	0.0	0.0	0.0	0.0	1.0
gi|110675163|gb|ABG84150.1|	0.0	0.0	0.0	0.0	0.0	0.0	0.0	0.0	0.0	0.0	0.0	0.0	0.0	0.0	0.0	0.0	1.0	0.0	0.0	0.0	0.0	0.0
gi|1107707|emb|CAA90903.1|	0.0	0.0	0.0	0.0	1.0	0.0	0.0	0.0	0.0	0.0	0.0	0.0	0.0	0.0	0.0	0.0	0.0	0.0	0.0	0.0	0.0	0.0
gi|11095335|gb|AAG29839.1|AF307842_1	0.0	0.0	1.0	0.0	4.0	4.0	0.0	2.0	1.0	0.0	6.0	5.0	0.0	0.0	1.0	1.0	0.0	0.0	0.0	2.0	1.0	1.0
gi|11127691|gb|AAG31032.1|AF229829_3	0.0	0.0	0.0	0.0	0.0	0.0	0.0	0.0	0.0	0.0	0.0	0.0	0.0	0.0	0.0	1.0	0.0	0.0	0.0	0.0	0.0	1.0
gi|114325969|gb|ABI64125.1|	0.0	0.0	0.0	0.0	0.0	0.0	0.0	0.0	0.0	0.0	0.0	0.0	0.0	0.0	1.0	0.0	0.0	0.0	0.0	0.0	0.0	0.0
gi|1146301|gb|AAA92182.1|	0.0	0.0	0.0	0.0	0.0	0.0	0.0	0.0	0.0	0.0	0.0	0.0	0.0	0.0	0.0	0.0	0.0	1.0	0.0	0.0	0.0	0.0
gi|11493199|emb|CAC17472.1|	0.0	0.0	0.0	0.0	0.0	0.0	0.0	0.0	0.0	0.0	0.0	0.0	0.0	0.0	0.0	0.0	0.0	0.0	0.0	0.0	0.0	1.0
gi|115335001|gb|ABI94087.1|	0.0	0.0	0.0	0.0	0.0	0.0	0.0	0.0	0.0	0.0	1.0	0.0	0.0	0.0	0.0	0.0	0.0	0.0	0.0	0.0	0.0	0.0
gi|115806943|gb|ABJ31059.1|	0.0	0.0	0.0	0.0	0.0	1.0	0.0	0.0	0.0	0.0	0.0	0.0	0.0	1.0	0.0	0.0	0.0	0.0	0.0	0.0	0.0	0.0
gi|116091057|gb|ABJ56211.1|	0.0	0.0	0.0	0.0	0.0	0.0	0.0	1.0	0.0	0.0	0.0	0.0	0.0	0.0	0.0	1.0	0.0	0.0	0.0	0.0	0.0	0.0
gi|116091161|gb|ABJ56315.1|	0.0	0.0	0.0	0.0	0.0	0.0	0.0	0.0	0.0	0.0	0.0	0.0	0.0	0.0	0.0	0.0	0.0	0.0	0.0	1.0	0.0	1.0
gi|116094472|gb|ABJ59624.1|	0.0	0.0	1.0	0.0	0.0	1.0	0.0	0.0	1.0	0.0	0.0	0.0	0.0	1.0	0.0	0.0	0.0	0.0	0.0	0.0	0.0	0.0
gi|116099871|gb|ABJ65020.1|	0.0	0.0	0.0	1.0	1.0	1.0	0.0	0.0	0.0	0.0	0.0	0.0	0.0	0.0	1.0	1.0	0.0	0.0	0.0	0.0	0.0	1.0
gi|116100122|gb|ABJ65271.1|	0.0	0.0	0.0	1.0	0.0	0.0	0.0	0.0	0.0	0.0	0.0	0.0	0.0	0.0	0.0	0.0	0.0	0.0	0.0	0.0	0.0	0.0
gi|116101393|gb|ABJ66539.1|	0.0	0.0	2.0	1.0	9.0	1.0	1.0	8.0	3.0	0.0	4.0	4.0	0.0	6.0	3.0	3.0	5.0	1.0	5.0	3.0	3.0	0.0
gi|116104086|gb|ABJ69228.1|	0.0	0.0	0.0	0.0	0.0	0.0	0.0	0.0	0.0	0.0	0.0	0.0	0.0	1.0	0.0	0.0	0.0	0.0	0.0	0.0	0.0	0.0
gi|1161380|gb|AAC06117.1|	0.0	0.0	0.0	0.0	1.0	1.0	0.0	0.0	0.0	0.0	0.0	0.0	1.0	0.0	0.0	0.0	0.0	0.0	0.0	0.0	0.0	0.0
gi|118423883|gb|ABK90273.1|	0.0	0.0	1.0	0.0	1.0	1.0	0.0	0.0	1.0	0.0	1.0	0.0	0.0	0.0	1.0	3.0	0.0	0.0	1.0	0.0	0.0	2.0
gi|118433275|gb|EAV39986.1|	0.0	0.0	0.0	1.0	0.0	0.0	0.0	0.0	1.0	1.0	1.0	1.0	0.0	1.0	1.0	1.0	0.0	0.0	1.0	0.0	0.0	0.0
gi|118442732|dbj|BAF37283.1|	0.0	0.0	0.0	0.0	0.0	1.0	0.0	0.0	0.0	0.0	0.0	0.0	0.0	0.0	0.0	0.0	0.0	0.0	0.0	0.0	0.0	0.0
gi|118765025|dbj|BAF39204.1|	0.0	0.0	0.0	0.0	0.0	0.0	0.0	1.0	0.0	0.0	0.0	0.0	0.0	0.0	0.0	0.0	0.0	0.0	1.0	0.0	0.0	0.0
gi|118766126|dbj|BAF40305.1|	0.0	0.0	3.0	4.0	3.0	2.0	2.0	3.0	2.0	2.0	2.0	4.0	0.0	2.0	3.0	4.0	3.0	0.0	3.0	2.0	2.0	1.0
gi|119388128|gb|ABL74004.1|	0.0	0.0	0.0	0.0	0.0	1.0	0.0	0.0	0.0	0.0	0.0	0.0	0.0	0.0	0.0	0.0	0.0	0.0	0.0	1.0	0.0	0.0
gi|1197840|gb|AAB06188.1|	0.0	0.0	3.0	2.0	6.0	0.0	2.0	7.0	3.0	5.0	7.0	12.0	1.0	6.0	7.0	6.0	12.0	0.0	8.0	5.0	0.0	3.0
gi|12007366|gb|AAG45158.1|AF316823_2	0.0	0.0	0.0	0.0	0.0	1.0	0.0	0.0	0.0	0.0	0.0	0.0	0.0	0.0	0.0	0.0	0.0	0.0	0.0	0.0	0.0	1.0
gi|12007369|gb|AAG45161.1|AF316823_5	0.0	0.0	3.0	3.0	5.0	3.0	2.0	5.0	6.0	4.0	6.0	5.0	1.0	4.0	4.0	7.0	6.0	1.0	6.0	4.0	3.0	6.0
gi|122089117|emb|CAL11955.1|	0.0	0.0	0.0	0.0	1.0	0.0	0.0	0.0	0.0	0.0	0.0	0.0	0.0	0.0	0.0	0.0	0.0	0.0	0.0	0.0	0.0	0.0
gi|1223762|emb|CAA57730.1|	0.0	0.0	2.0	1.0	0.0	3.0	1.0	2.0	1.0	0.0	2.0	1.0	0.0	0.0	1.0	2.0	0.0	0.0	0.0	1.0	1.0	0.0
gi|122912963|gb|ABM68042.1|	0.0	0.0	0.0	0.0	0.0	0.0	0.0	0.0	0.0	0.0	2.0	0.0	0.0	2.0	0.0	0.0	0.0	0.0	3.0	0.0	0.0	0.0
gi|12331004|gb|AAG49420.1|	0.0	0.0	0.0	1.0	0.0	0.0	0.0	0.0	0.0	0.0	1.0	0.0	0.0	1.0	0.0	0.0	0.0	0.0	0.0	0.0	0.0	0.0
gi|1236529|gb|AAA92925.1|	0.0	0.0	1.0	0.0	0.0	2.0	0.0	0.0	0.0	0.0	1.0	1.0	0.0	0.0	1.0	0.0	0.0	0.0	0.0	1.0	1.0	0.0
gi|124507388|gb|ABN13675.1|	0.0	0.0	1.0	3.0	0.0	1.0	1.0	1.0	2.0	1.0	1.0	1.0	1.0	1.0	1.0	2.0	1.0	0.0	2.0	0.0	0.0	1.0
gi|12518380|gb|AAG58771.1|AE005590_6	0.0	0.0	0.0	0.0	0.0	2.0	0.0	0.0	1.0	0.0	0.0	0.0	1.0	0.0	0.0	0.0	0.0	0.0	0.0	0.0	0.0	0.0
gi|12519243|gb|AAG59436.1|AE005656_4	0.0	0.0	0.0	0.0	1.0	1.0	0.0	0.0	1.0	0.0	0.0	0.0	1.0	0.0	0.0	0.0	0.0	0.0	0.0	0.0	0.0	0.0
gi|125489040|gb|ABN42680.1|	0.0	0.0	1.0	0.0	1.0	2.0	1.0	1.0	1.0	1.0	1.0	1.0	1.0	1.0	1.0	1.0	1.0	0.0	1.0	2.0	1.0	1.0
gi|125713017|gb|ABN51509.1|	0.0	0.0	0.0	0.0	0.0	0.0	0.0	0.0	0.0	0.0	0.0	0.0	0.0	0.0	0.0	0.0	0.0	0.0	1.0	0.0	0.0	0.0
gi|125713103|gb|ABN51595.1|	0.0	0.0	8.0	7.0	9.0	3.0	3.0	4.0	7.0	6.0	5.0	7.0	2.0	7.0	6.0	8.0	10.0	2.0	6.0	4.0	3.0	2.0
gi|125714139|gb|ABN52631.1|	0.0	0.0	1.0	0.0	2.0	0.0	0.0	4.0	1.0	1.0	1.0	2.0	0.0	5.0	1.0	1.0	1.0	0.0	2.0	1.0	2.0	1.0
gi|125715257|gb|ABN53749.1|	0.0	0.0	0.0	0.0	0.0	1.0	0.0	0.0	0.0	0.0	1.0	0.0	0.0	1.0	0.0	0.0	0.0	0.0	0.0	0.0	0.0	0.0
gi|12581464|gb|AAG59609.1|	0.0	0.0	0.0	0.0	0.0	1.0	0.0	0.0	0.0	0.0	1.0	0.0	0.0	0.0	0.0	0.0	0.0	0.0	0.0	1.0	0.0	1.0
gi|12584217|gb|AAG59831.1|AF329731_1	0.0	0.0	0.0	0.0	0.0	0.0	0.0	0.0	0.0	0.0	0.0	1.0	0.0	0.0	0.0	0.0	0.0	0.0	0.0	0.0	0.0	0.0
gi|12584864|gb|AAG59862.1|	0.0	0.0	0.0	0.0	0.0	0.0	0.0	0.0	0.0	0.0	0.0	0.0	0.0	0.0	0.0	1.0	0.0	0.0	0.0	0.0	0.0	0.0
gi|12655802|gb|AAK00598.1|	0.0	0.0	0.0	0.0	1.0	0.0	0.0	1.0	0.0	0.0	0.0	0.0	0.0	0.0	0.0	1.0	0.0	0.0	0.0	0.0	0.0	0.0
gi|12667493|gb|AAK01457.1|AF337811_2	0.0	0.0	0.0	2.0	2.0	1.0	0.0	1.0	1.0	0.0	3.0	2.0	0.0	0.0	1.0	0.0	1.0	0.0	0.0	0.0	0.0	3.0
gi|12802352|gb|AAK07836.1|AF305888_3	0.0	0.0	0.0	2.0	0.0	0.0	0.0	0.0	0.0	0.0	0.0	0.0	0.0	0.0	0.0	0.0	0.0	0.0	0.0	0.0	0.0	0.0
gi|1297373|gb|AAB81559.1|	0.0	0.0	0.0	0.0	1.0	0.0	0.0	0.0	1.0	0.0	0.0	0.0	0.0	1.0	1.0	0.0	1.0	0.0	0.0	0.0	0.0	0.0
gi|13182951|gb|AAK15003.1|AF233372_1	0.0	0.0	0.0	1.0	0.0	0.0	0.0	0.0	0.0	0.0	0.0	0.0	0.0	0.0	0.0	0.0	0.0	0.0	0.0	0.0	0.0	0.0
gi|13194568|gb|AAK15465.1|AF305636_1	0.0	0.0	0.0	0.0	1.0	0.0	0.0	0.0	0.0	0.0	0.0	0.0	0.0	0.0	0.0	0.0	0.0	0.0	0.0	0.0	0.0	0.0
gi|13194574|gb|AAK15468.1|AF305918_1	0.0	0.0	0.0	0.0	1.0	1.0	0.0	1.0	0.0	0.0	0.0	0.0	0.0	0.0	0.0	0.0	0.0	0.0	0.0	0.0	0.0	0.0
gi|1321625|dbj|BAA12704.1|	0.0	0.0	0.0	1.0	0.0	1.0	0.0	1.0	0.0	0.0	0.0	0.0	0.0	0.0	0.0	0.0	0.0	0.0	0.0	0.0	0.0	0.0
gi|1334249|emb|CAA29137.1|	0.0	0.0	0.0	0.0	0.0	0.0	0.0	0.0	0.0	0.0	0.0	0.0	0.0	0.0	0.0	0.0	0.0	0.0	0.0	1.0	0.0	0.0
gi|13358804|dbj|BAB33148.1|	0.0	0.0	0.0	0.0	0.0	2.0	0.0	0.0	0.0	0.0	0.0	0.0	0.0	0.0	0.0	0.0	0.0	0.0	0.0	0.0	0.0	2.0
gi|1336047|gb|AAC45510.1|	0.0	0.0	2.0	9.0	1.0	2.0	0.0	3.0	1.0	0.0	2.0	1.0	0.0	5.0	3.0	3.0	2.0	0.0	1.0	1.0	2.0	2.0
gi|13423510|gb|AAK24010.1|	0.0	0.0	2.0	2.0	1.0	1.0	1.0	1.0	2.0	1.0	1.0	3.0	1.0	2.0	1.0	1.0	1.0	1.0	1.0	1.0	1.0	1.0
gi|13487793|gb|AAK27723.1|AF358444_1	0.0	0.0	0.0	0.0	0.0	0.0	0.0	0.0	0.0	0.0	0.0	0.0	0.0	0.0	0.0	1.0	0.0	0.0	0.0	0.0	0.0	0.0
gi|13540345|gb|AAK29422.1|AF354044_1	0.0	0.0	0.0	0.0	0.0	1.0	1.0	0.0	1.0	0.0	1.0	0.0	0.0	0.0	0.0	1.0	0.0	0.0	0.0	0.0	0.0	0.0
gi|13621825|gb|AAK33600.1|	0.0	0.0	0.0	0.0	0.0	2.0	1.0	1.0	1.0	0.0	2.0	1.0	0.0	0.0	1.0	0.0	0.0	0.0	0.0	0.0	1.0	1.0
gi|13622680|gb|AAK34381.1|	0.0	0.0	0.0	0.0	0.0	3.0	0.0	1.0	1.0	0.0	1.0	0.0	0.0	1.0	0.0	1.0	0.0	0.0	0.0	0.0	0.0	0.0
gi|13816416|gb|AAK43123.1|	0.0	0.0	0.0	3.0	6.0	2.0	1.0	4.0	4.0	3.0	2.0	3.0	0.0	6.0	3.0	5.0	4.0	0.0	6.0	2.0	1.0	0.0
gi|13816430|gb|AAK43134.1|	0.0	0.0	3.0	2.0	2.0	0.0	0.0	2.0	2.0	1.0	2.0	2.0	0.0	1.0	1.0	4.0	2.0	0.0	1.0	2.0	0.0	0.0
gi|1388151|gb|AAB49623.1|	0.0	0.0	0.0	0.0	0.0	0.0	0.0	1.0	0.0	0.0	0.0	0.0	0.0	0.0	0.0	0.0	0.0	0.0	0.0	0.0	0.0	0.0
gi|142222|gb|AAA22082.1|	0.0	0.0	0.0	0.0	0.0	0.0	0.0	0.0	1.0	0.0	0.0	0.0	0.0	0.0	0.0	0.0	2.0	0.0	0.0	0.0	0.0	0.0
gi|142429|gb|AAA22191.1|	0.0	0.0	0.0	1.0	0.0	0.0	0.0	0.0	0.0	0.0	0.0	0.0	0.0	0.0	0.0	0.0	0.0	0.0	0.0	0.0	0.0	0.0
gi|14246033|dbj|BAB56428.1|	0.0	0.0	0.0	0.0	0.0	0.0	0.0	1.0	0.0	0.0	0.0	0.0	0.0	0.0	0.0	0.0	0.0	0.0	0.0	0.0	0.0	0.0
gi|142575|gb|AAA22260.1|	0.0	0.0	0.0	1.0	0.0	0.0	0.0	1.0	0.0	0.0	2.0	0.0	0.0	0.0	0.0	0.0	0.0	0.0	0.0	0.0	0.0	0.0
gi|142578|gb|AAA22262.1|	0.0	0.0	0.0	0.0	0.0	0.0	0.0	0.0	0.0	0.0	0.0	0.0	0.0	0.0	0.0	0.0	0.0	0.0	0.0	0.0	1.0	0.0
gi|142671|gb|AAA22307.1|	0.0	0.0	0.0	0.0	0.0	1.0	0.0	0.0	0.0	0.0	0.0	0.0	0.0	0.0	0.0	0.0	0.0	0.0	0.0	0.0	0.0	0.0
gi|142853826|gb|ABO92147.1|	0.0	0.0	0.0	0.0	0.0	0.0	0.0	1.0	0.0	0.0	0.0	0.0	0.0	0.0	0.0	0.0	0.0	0.0	0.0	0.0	0.0	0.0
gi|1432154|gb|AAB51564.1|	0.0	0.0	0.0	0.0	0.0	0.0	0.0	0.0	0.0	0.0	1.0	0.0	0.0	0.0	0.0	0.0	0.0	0.0	0.0	0.0	0.0	0.0
gi|143652261|gb|ABO93392.1|	0.0	0.0	0.0	1.0	0.0	0.0	0.0	1.0	0.0	0.0	1.0	1.0	0.0	2.0	0.0	0.0	0.0	0.0	0.0	1.0	0.0	0.0
gi|143951|gb|AAA22912.1|	1.0	0.0	2.0	2.0	4.0	1.0	0.0	3.0	2.0	2.0	2.0	2.0	1.0	2.0	2.0	1.0	1.0	1.0	2.0	1.0	0.0	0.0
gi|143972|gb|AAA22924.1|	0.0	0.0	2.0	0.0	4.0	1.0	2.0	4.0	5.0	2.0	2.0	4.0	3.0	2.0	5.0	3.0	5.0	2.0	3.0	2.0	2.0	3.0
gi|144153|gb|AAA23005.1|	0.0	0.0	0.0	0.0	0.0	0.0	0.0	0.0	0.0	1.0	0.0	0.0	0.0	0.0	0.0	0.0	0.0	0.0	0.0	0.0	0.0	0.0
gi|144155|gb|AAA20893.1|	0.0	0.0	0.0	1.0	0.0	1.0	0.0	0.0	0.0	0.0	0.0	1.0	0.0	0.0	1.0	0.0	0.0	0.0	0.0	0.0	0.0	0.0
gi|144158|gb|AAA23007.1|	1.0	0.0	4.0	12.0	8.0	13.0	2.0	5.0	5.0	3.0	9.0	7.0	0.0	3.0	6.0	3.0	2.0	0.0	5.0	4.0	4.0	6.0
gi|144162|gb|AAA23008.1|	0.0	0.0	1.0	0.0	0.0	2.0	0.0	1.0	2.0	0.0	4.0	2.0	0.0	1.0	1.0	3.0	2.0	0.0	0.0	2.0	1.0	1.0
gi|144166|gb|AAA63610.1|	0.0	0.0	0.0	2.0	0.0	4.0	0.0	0.0	2.0	0.0	2.0	1.0	0.0	1.0	3.0	2.0	2.0	0.0	0.0	1.0	0.0	0.0
gi|144225184|emb|CAJ01377.1|	0.0	0.0	7.0	2.0	6.0	2.0	2.0	2.0	8.0	5.0	4.0	7.0	2.0	4.0	4.0	6.0	6.0	2.0	8.0	2.0	1.0	2.0
gi|144225190|emb|CAJ01380.1|	0.0	0.0	2.0	1.0	2.0	0.0	2.0	1.0	1.0	2.0	1.0	2.0	0.0	1.0	1.0	1.0	2.0	0.0	2.0	3.0	1.0	0.0
gi|144727|gb|AAA23205.1|	0.0	0.0	0.0	0.0	0.0	1.0	0.0	0.0	0.0	0.0	0.0	0.0	0.0	0.0	0.0	1.0	0.0	0.0	0.0	0.0	0.0	0.0
gi|144746|gb|AAA23216.1|	0.0	0.0	1.0	3.0	2.0	7.0	3.0	2.0	4.0	1.0	4.0	2.0	0.0	1.0	5.0	4.0	1.0	1.0	2.0	3.0	2.0	4.0
gi|144751|gb|AAA23219.1|	0.0	0.0	1.0	0.0	0.0	2.0	0.0	1.0	1.0	0.0	1.0	0.0	0.0	1.0	0.0	0.0	0.0	0.0	0.0	0.0	0.0	0.0
gi|144759|gb|AAA23221.1|	0.0	0.0	0.0	0.0	0.0	0.0	0.0	0.0	1.0	0.0	0.0	0.0	0.0	0.0	0.0	1.0	0.0	0.0	0.0	0.0	0.0	0.0
gi|144790|gb|AAA23230.1|	0.0	0.0	0.0	0.0	0.0	0.0	0.0	0.0	0.0	0.0	0.0	0.0	0.0	0.0	0.0	0.0	0.0	0.0	0.0	0.0	0.0	1.0
gi|144839|gb|AAA23249.1|	1.0	0.0	1.0	1.0	1.0	4.0	0.0	2.0	1.0	1.0	2.0	2.0	0.0	2.0	2.0	2.0	1.0	0.0	1.0	0.0	0.0	2.0
gi|14488127|emb|CAC42120.1|	0.0	0.0	0.0	0.0	1.0	0.0	0.0	0.0	0.0	0.0	0.0	0.0	0.0	0.0	0.0	1.0	0.0	0.0	0.0	0.0	0.0	0.0
gi|145388|gb|AAA16430.1|	0.0	0.0	2.0	2.0	6.0	3.0	1.0	2.0	2.0	1.0	7.0	1.0	0.0	1.0	5.0	0.0	2.0	0.0	3.0	0.0	3.0	4.0
gi|145409628|gb|ABP66632.1|	0.0	0.0	0.0	0.0	0.0	0.0	0.0	0.0	1.0	0.0	0.0	0.0	0.0	0.0	0.0	1.0	0.0	0.0	0.0	0.0	0.0	0.0
gi|145410149|gb|ABP67153.1|	0.0	0.0	0.0	0.0	0.0	0.0	0.0	0.0	0.0	0.0	0.0	0.0	0.0	0.0	0.0	0.0	0.0	0.0	0.0	0.0	1.0	0.0
gi|145419|gb|AAA23511.1|	0.0	0.0	0.0	1.0	0.0	2.0	0.0	1.0	0.0	0.0	1.0	1.0	1.0	0.0	1.0	1.0	0.0	0.0	1.0	1.0	0.0	1.0
gi|145580887|gb|ABP87597.1|	0.0	0.0	0.0	0.0	0.0	0.0	0.0	0.0	0.0	0.0	0.0	0.0	0.0	0.0	0.0	0.0	0.0	0.0	1.0	0.0	0.0	0.0
gi|14582612|gb|AAK69556.1|AF290982_2	0.0	0.0	0.0	0.0	0.0	0.0	0.0	0.0	0.0	0.0	1.0	0.0	0.0	0.0	0.0	0.0	0.0	0.0	0.0	0.0	0.0	0.0
gi|145848|gb|AAA83849.1|	1.0	0.0	0.0	0.0	2.0	1.0	1.0	1.0	1.0	0.0	1.0	0.0	1.0	0.0	0.0	1.0	0.0	0.0	0.0	1.0	0.0	0.0
gi|146023|gb|AAA23810.1|	0.0	0.0	0.0	0.0	1.0	2.0	0.0	0.0	1.0	0.0	0.0	0.0	2.0	0.0	0.0	0.0	0.0	0.0	0.0	1.0	0.0	0.0
gi|146139|gb|AAA23870.1|	0.0	0.0	0.0	1.0	4.0	2.0	0.0	1.0	1.0	0.0	0.0	0.0	1.0	0.0	0.0	0.0	0.0	0.0	0.0	1.0	0.0	0.0
gi|146142|gb|AAA23872.1|	0.0	0.0	0.0	0.0	1.0	2.0	0.0	2.0	3.0	1.0	0.0	0.0	2.0	0.0	0.0	0.0	0.0	1.0	0.0	1.0	0.0	0.0
gi|146148656|gb|ABQ02267.1|	0.0	0.0	0.0	0.0	0.0	0.0	0.0	1.0	0.0	0.0	1.0	0.0	0.0	0.0	0.0	1.0	0.0	0.0	0.0	0.0	0.0	0.0
gi|14626029|emb|CAC44015.1|	0.0	0.0	1.0	1.0	3.0	2.0	0.0	0.0	0.0	0.0	0.0	0.0	1.0	0.0	0.0	1.0	0.0	1.0	1.0	0.0	0.0	0.0
gi|14626031|emb|CAC44017.1|	0.0	0.0	0.0	0.0	1.0	0.0	0.0	0.0	0.0	0.0	0.0	0.0	0.0	0.0	0.0	0.0	0.0	0.0	0.0	0.0	0.0	0.0
gi|146542|gb|AAA03744.1|	0.0	0.0	0.0	0.0	0.0	1.0	0.0	1.0	0.0	0.0	0.0	0.0	1.0	0.0	0.0	0.0	0.0	0.0	0.0	1.0	0.0	0.0
gi|146543|gb|AAA03745.1|	0.0	0.0	0.0	0.0	0.0	1.0	0.0	1.0	2.0	0.0	0.0	0.0	0.0	0.0	0.0	0.0	0.0	0.0	0.0	1.0	0.0	0.0
gi|146577|gb|AAA24053.1|	0.0	0.0	1.0	0.0	2.0	3.0	0.0	2.0	1.0	1.0	0.0	0.0	2.0	0.0	1.0	0.0	0.0	0.0	1.0	2.0	0.0	0.0
gi|146715|gb|AAA24106.1|	0.0	0.0	0.0	0.0	1.0	2.0	0.0	0.0	2.0	0.0	0.0	0.0	2.0	0.0	0.0	0.0	0.0	0.0	0.0	2.0	0.0	0.0
gi|1469157|dbj|BAA11354.1|	0.0	0.0	0.0	0.0	0.0	0.0	0.0	0.0	1.0	0.0	0.0	0.0	0.0	0.0	0.0	0.0	0.0	0.0	0.0	0.0	0.0	0.0
gi|146969|gb|AAA24225.1|	0.0	0.0	0.0	0.0	0.0	1.0	0.0	1.0	1.0	0.0	0.0	0.0	1.0	0.0	0.0	0.0	0.0	0.0	0.0	1.0	0.0	0.0
gi|147483|gb|AAA16112.1|	0.0	0.0	0.0	0.0	1.0	1.0	0.0	0.0	0.0	0.0	0.0	0.0	0.0	0.0	0.0	0.0	0.0	0.0	0.0	1.0	0.0	0.0
gi|1478030|gb|AAB42174.1|	0.0	0.0	4.0	6.0	3.0	0.0	2.0	3.0	5.0	4.0	1.0	3.0	2.0	4.0	3.0	2.0	5.0	3.0	3.0	1.0	2.0	2.0
gi|147836|gb|AAA24634.1|	0.0	0.0	0.0	1.0	3.0	2.0	0.0	0.0	2.0	0.0	0.0	0.0	2.0	0.0	0.0	0.0	0.0	0.0	0.0	2.0	0.0	0.0
gi|148197|gb|AAA67594.1|	0.0	0.0	0.0	0.0	1.0	1.0	0.0	1.0	0.0	0.0	0.0	0.0	0.0	0.0	0.0	0.0	0.0	0.0	0.0	1.0	0.0	0.0
gi|1483615|emb|CAB01407.1|	0.0	0.0	1.0	0.0	0.0	0.0	0.0	0.0	0.0	0.0	0.0	0.0	0.0	0.0	0.0	0.0	0.0	0.0	0.0	0.0	0.0	0.0
gi|148388|gb|AAA24815.1|	0.0	0.0	0.0	1.0	1.0	2.0	0.0	0.0	0.0	0.0	1.0	1.0	0.0	0.0	1.0	0.0	0.0	0.0	0.0	0.0	0.0	0.0
gi|1486241|dbj|BAA09103.1|	0.0	0.0	0.0	0.0	0.0	0.0	0.0	1.0	0.0	0.0	0.0	0.0	0.0	0.0	0.0	0.0	0.0	0.0	0.0	0.0	0.0	0.0
gi|1491795|gb|AAC44232.1|	0.0	0.0	0.0	1.0	0.0	2.0	0.0	0.0	0.0	0.0	0.0	0.0	0.0	0.0	0.0	0.0	0.0	0.0	0.0	0.0	0.0	2.0
gi|149218|gb|AAA25082.1|	0.0	0.0	0.0	0.0	2.0	0.0	0.0	0.0	0.0	0.0	0.0	0.0	0.0	1.0	0.0	0.0	0.0	0.0	0.0	0.0	0.0	0.0
gi|149300|gb|AAA25124.1|	0.0	0.0	0.0	0.0	7.0	0.0	0.0	0.0	0.0	0.0	0.0	0.0	0.0	0.0	0.0	0.0	0.0	0.0	0.0	0.0	0.0	0.0
gi|149387615|gb|ABN67901.2|	0.0	0.0	0.0	0.0	1.0	0.0	0.0	0.0	0.0	0.0	0.0	0.0	0.0	0.0	0.0	0.0	1.0	0.0	0.0	0.0	0.0	0.0
gi|149389311|gb|ABR26230.1|	0.0	0.0	1.0	0.0	0.0	0.0	0.0	0.0	0.0	0.0	0.0	0.0	0.0	0.0	0.0	0.0	0.0	0.0	0.0	0.0	0.0	0.0
gi|149400|gb|AAA25173.1|	0.0	0.0	0.0	0.0	0.0	0.0	1.0	0.0	0.0	0.0	0.0	0.0	0.0	0.0	0.0	0.0	0.0	0.0	0.0	0.0	0.0	0.0
gi|149547|gb|AAA25240.1|	0.0	0.0	0.0	0.0	0.0	0.0	0.0	1.0	0.0	0.0	0.0	0.0	0.0	1.0	0.0	0.0	0.0	0.0	0.0	0.0	1.0	0.0
gi|14973657|gb|AAK76201.1|	0.0	0.0	2.0	4.0	9.0	8.0	3.0	6.0	12.0	10.0	8.0	12.0	1.0	12.0	9.0	13.0	13.0	1.0	9.0	4.0	1.0	1.0
gi|149826|gb|AAB36835.1|	0.0	0.0	0.0	0.0	0.0	1.0	0.0	0.0	0.0	0.0	0.0	0.0	0.0	0.0	0.0	0.0	0.0	0.0	0.0	0.0	0.0	1.0
gi|15026514|gb|AAK81356.1|AE007839_10	0.0	0.0	0.0	0.0	0.0	1.0	0.0	0.0	0.0	0.0	0.0	0.0	0.0	0.0	0.0	0.0	0.0	0.0	0.0	0.0	0.0	0.0
gi|15042935|gb|AAF02774.3|AF189765_1	0.0	0.0	0.0	0.0	0.0	0.0	0.0	0.0	0.0	0.0	0.0	0.0	0.0	0.0	0.0	0.0	0.0	0.0	0.0	0.0	0.0	1.0
gi|150840423|gb|ABR74394.1|	0.0	0.0	0.0	0.0	1.0	0.0	1.0	2.0	0.0	0.0	0.0	0.0	0.0	0.0	0.0	1.0	0.0	0.0	0.0	0.0	0.0	0.0
gi|15116033|gb|AAE69559.1|	0.0	0.0	1.0	0.0	1.0	0.0	0.0	0.0	0.0	0.0	1.0	1.0	0.0	0.0	0.0	0.0	0.0	0.0	1.0	0.0	0.0	0.0
gi|15128487|dbj|BAB40444.2|	0.0	0.0	1.0	1.0	3.0	4.0	0.0	1.0	2.0	0.0	2.0	0.0	0.0	2.0	0.0	1.0	0.0	0.0	2.0	0.0	0.0	2.0
gi|15141455|emb|CAC49967.1|	0.0	0.0	0.0	0.0	0.0	0.0	0.0	0.0	0.0	0.0	0.0	0.0	0.0	0.0	0.0	0.0	0.0	0.0	1.0	0.0	0.0	0.0
gi|15144244|emb|CAC50569.1|	0.0	0.0	6.0	10.0	11.0	6.0	3.0	7.0	11.0	6.0	6.0	7.0	0.0	11.0	4.0	9.0	10.0	1.0	10.0	4.0	4.0	3.0
gi|15144246|emb|CAC50570.1|	0.0	0.0	0.0	0.0	0.0	0.0	0.0	1.0	1.0	0.0	2.0	3.0	0.0	0.0	1.0	2.0	0.0	0.0	1.0	0.0	0.0	0.0
gi|15144248|emb|CAC50563.1|	0.0	0.0	0.0	1.0	2.0	1.0	1.0	2.0	1.0	1.0	2.0	0.0	0.0	2.0	1.0	1.0	1.0	0.0	1.0	1.0	1.0	1.0
gi|1519525|gb|AAC44670.1|	0.0	0.0	7.0	4.0	5.0	3.0	5.0	5.0	7.0	4.0	4.0	7.0	1.0	6.0	7.0	10.0	9.0	3.0	5.0	2.0	2.0	3.0
gi|1519526|gb|AAC44671.1|	0.0	1.0	11.0	14.0	12.0	5.0	8.0	14.0	14.0	11.0	7.0	12.0	4.0	11.0	12.0	10.0	11.0	3.0	10.0	3.0	3.0	5.0
gi|152271|gb|AAA26305.1|	0.0	0.0	0.0	1.0	0.0	0.0	0.0	0.0	0.0	0.0	0.0	0.0	0.0	0.0	0.0	0.0	0.0	0.0	0.0	0.0	0.0	0.0
gi|153704|gb|AAA26923.1|	0.0	0.0	1.0	2.0	1.0	2.0	1.0	2.0	1.0	2.0	1.0	1.0	0.0	0.0	1.0	1.0	1.0	0.0	2.0	0.0	0.0	4.0
gi|153736|gb|AAA26933.1|	0.0	0.0	1.0	2.0	0.0	1.0	0.0	0.0	2.0	0.0	2.0	0.0	0.0	1.0	0.0	3.0	0.0	0.0	0.0	0.0	0.0	0.0
gi|153740|gb|AAA26937.1|	0.0	0.0	0.0	0.0	0.0	0.0	0.0	0.0	0.0	0.0	0.0	0.0	0.0	0.0	0.0	0.0	0.0	0.0	2.0	0.0	0.0	1.0
gi|153742|gb|AAA26939.1|	0.0	0.0	0.0	1.0	0.0	0.0	0.0	0.0	0.0	0.0	0.0	0.0	0.0	0.0	0.0	0.0	0.0	0.0	0.0	0.0	0.0	0.0
gi|15383893|gb|AAB40123.2|	0.0	0.0	0.0	1.0	1.0	0.0	0.0	1.0	0.0	1.0	1.0	2.0	0.0	0.0	0.0	0.0	0.0	0.0	0.0	1.0	0.0	0.0
gi|154236028|emb|CAL64396.1|	0.0	0.0	0.0	0.0	0.0	1.0	0.0	0.0	0.0	0.0	1.0	0.0	0.0	0.0	0.0	0.0	0.0	0.0	0.0	0.0	0.0	0.0
gi|15457845|gb|AAK99096.1|	0.0	0.0	0.0	0.0	0.0	1.0	0.0	0.0	0.0	0.0	0.0	0.0	0.0	0.0	0.0	0.0	0.0	0.0	0.0	0.0	0.0	0.0
gi|154620|gb|AAA19800.1|	0.0	0.0	0.0	0.0	0.0	1.0	0.0	0.0	0.0	0.0	0.0	0.0	0.0	0.0	0.0	0.0	0.0	0.0	0.0	0.0	0.0	1.0
gi|154624|gb|AAA27369.1|	0.0	0.0	1.0	1.0	0.0	0.0	0.0	0.0	0.0	0.0	0.0	0.0	0.0	0.0	0.0	0.0	0.0	0.0	0.0	0.0	0.0	0.0
gi|155273|gb|AAA27562.1|	0.0	0.0	0.0	0.0	0.0	0.0	0.0	1.0	0.0	0.0	0.0	0.0	0.0	0.0	0.0	0.0	0.0	0.0	0.0	0.0	0.0	0.0
gi|1552759|gb|AAB08611.1|	0.0	0.0	0.0	0.0	2.0	1.0	0.0	1.0	0.0	0.0	0.0	0.0	1.0	0.0	0.0	0.0	0.0	0.0	0.0	0.0	0.0	0.0
gi|1561763|gb|AAC44685.1|	0.0	1.0	17.0	10.0	9.0	7.0	4.0	14.0	12.0	5.0	5.0	11.0	1.0	10.0	7.0	6.0	12.0	3.0	11.0	4.0	3.0	4.0
gi|156509594|gb|ABU68675.1|	0.0	0.0	0.0	1.0	0.0	0.0	0.0	1.0	0.0	0.0	1.0	1.0	0.0	1.0	2.0	1.0	0.0	0.0	1.0	1.0	0.0	0.0
gi|156522869|dbj|BAF76001.1|	0.0	0.0	2.0	0.0	1.0	0.0	0.0	0.0	0.0	0.0	1.0	1.0	1.0	0.0	0.0	0.0	1.0	0.0	2.0	0.0	0.0	0.0
gi|15667922|gb|AAL05573.1|AF411186_2	0.0	0.0	0.0	0.0	0.0	0.0	0.0	0.0	0.0	0.0	0.0	0.0	0.0	0.0	0.0	0.0	0.0	0.0	2.0	0.0	0.0	0.0
gi|157086963|gb|ABV21364.1|	0.0	0.0	1.0	2.0	3.0	0.0	2.0	4.0	3.0	2.0	2.0	3.0	1.0	3.0	2.0	2.0	5.0	1.0	3.0	1.0	0.0	1.0
gi|1575345|gb|AAC45511.1|	0.0	0.0	0.0	0.0	0.0	1.0	0.0	0.0	0.0	0.0	0.0	0.0	0.0	0.0	0.0	0.0	0.0	0.0	0.0	0.0	0.0	0.0
gi|157676888|emb|CAP07659.1|	0.0	0.0	2.0	2.0	1.0	1.0	3.0	0.0	3.0	2.0	0.0	3.0	0.0	1.0	1.0	3.0	5.0	1.0	4.0	1.0	0.0	2.0
gi|157862723|gb|ABV90485.1|	0.0	0.0	0.0	0.0	0.0	0.0	0.0	0.0	0.0	0.0	0.0	0.0	0.0	0.0	1.0	1.0	0.0	0.0	0.0	0.0	0.0	0.0
gi|1580806|emb|CAB01855.1|	0.0	0.0	0.0	0.0	0.0	0.0	0.0	0.0	1.0	0.0	1.0	0.0	0.0	0.0	1.0	1.0	0.0	0.0	1.0	0.0	0.0	0.0
gi|158302693|dbj|BAF85832.1|	0.0	0.0	1.0	0.0	1.0	0.0	1.0	0.0	0.0	1.0	2.0	1.0	0.0	0.0	0.0	0.0	2.0	0.0	0.0	0.0	0.0	0.0
gi|158519558|gb|ABW70629.1|	0.0	0.0	0.0	0.0	0.0	0.0	0.0	0.0	0.0	0.0	0.0	1.0	0.0	0.0	0.0	0.0	0.0	0.0	0.0	0.0	0.0	0.0
gi|159032855|gb|ABW87764.1|	0.0	0.0	2.0	0.0	0.0	0.0	1.0	0.0	1.0	1.0	0.0	0.0	1.0	1.0	1.0	1.0	2.0	2.0	1.0	0.0	1.0	1.0
gi|15963396|dbj|BAB69460.1|	0.0	0.0	0.0	0.0	0.0	0.0	0.0	1.0	0.0	0.0	0.0	0.0	0.0	0.0	0.0	0.0	0.0	0.0	0.0	0.0	0.0	0.0
gi|16041069|dbj|BAB69770.1|	0.0	0.0	5.0	1.0	3.0	0.0	0.0	2.0	2.0	2.0	2.0	2.0	0.0	1.0	1.0	1.0	4.0	0.0	4.0	1.0	0.0	0.0
gi|160427401|gb|ABX40964.1|	0.0	0.0	4.0	6.0	3.0	7.0	1.0	6.0	4.0	2.0	10.0	5.0	1.0	7.0	4.0	3.0	1.0	1.0	2.0	2.0	4.0	3.0
gi|160428726|gb|ABX42289.1|	0.0	0.0	0.0	1.0	1.0	0.0	0.0	0.0	0.0	0.0	1.0	0.0	0.0	0.0	0.0	0.0	0.0	0.0	0.0	0.0	0.0	0.0
gi|160429824|gb|ABX43387.1|	0.0	0.0	2.0	0.0	0.0	1.0	0.0	0.0	1.0	0.0	1.0	0.0	0.0	1.0	0.0	0.0	0.0	0.0	0.0	0.0	1.0	0.0
gi|161898171|gb|ABX76049.1|	0.0	1.0	2.0	2.0	1.0	1.0	0.0	0.0	0.0	1.0	1.0	0.0	0.0	3.0	0.0	0.0	1.0	0.0	0.0	0.0	0.0	0.0
gi|1621036|gb|AAC48665.1|	0.0	0.0	0.0	1.0	0.0	0.0	0.0	1.0	0.0	0.0	0.0	0.0	0.0	1.0	0.0	0.0	1.0	0.0	0.0	0.0	0.0	0.0
gi|16411699|emb|CAD00307.1|	0.0	0.0	0.0	0.0	0.0	1.0	0.0	0.0	1.0	0.0	1.0	0.0	0.0	0.0	0.0	1.0	0.0	0.0	0.0	0.0	0.0	0.0
gi|16420702|gb|AAL21070.1|	0.0	0.0	0.0	1.0	1.0	0.0	0.0	0.0	0.0	0.0	0.0	0.0	0.0	0.0	0.0	0.0	0.0	0.0	0.0	0.0	0.0	0.0
gi|16422072|gb|AAL22375.1|	0.0	0.0	0.0	0.0	1.0	0.0	0.0	0.0	0.0	0.0	0.0	0.0	0.0	0.0	0.0	0.0	0.0	0.0	0.0	0.0	0.0	0.0
gi|16422859|gb|AAL23122.1|	0.0	0.0	0.0	1.0	3.0	1.0	0.0	0.0	1.0	0.0	0.0	0.0	2.0	0.0	0.0	0.0	0.0	0.0	0.0	2.0	0.0	0.0
gi|164564782|dbj|BAF98234.1|	0.0	0.0	0.0	0.0	1.0	0.0	0.0	0.0	0.0	0.0	0.0	0.0	0.0	0.0	0.0	0.0	0.0	0.0	0.0	0.0	0.0	0.0
gi|1655857|gb|AAB17954.1|	0.0	0.0	1.0	0.0	0.0	5.0	0.0	3.0	1.0	0.0	0.0	0.0	0.0	0.0	0.0	1.0	0.0	0.0	3.0	0.0	0.0	1.0
gi|16566659|gb|AAL26558.1|AF428099_1	0.0	0.0	0.0	0.0	1.0	5.0	0.0	1.0	3.0	0.0	0.0	0.0	0.0	1.0	0.0	0.0	0.0	0.0	1.0	3.0	0.0	1.0
gi|16611713|gb|AAL27306.1|AF376481_1	0.0	0.0	0.0	2.0	2.0	2.0	0.0	1.0	1.0	0.0	2.0	2.0	0.0	1.0	0.0	2.0	2.0	0.0	1.0	1.0	0.0	1.0
gi|1665833|dbj|BAA13641.1|	0.0	0.0	0.0	0.0	0.0	1.0	0.0	0.0	0.0	0.0	0.0	0.0	0.0	0.0	0.0	0.0	0.0	0.0	0.0	0.0	0.0	0.0
gi|167046594|gb|ABZ10760.1|	0.0	0.0	0.0	0.0	0.0	0.0	0.0	0.0	0.0	0.0	0.0	0.0	0.0	0.0	1.0	0.0	0.0	0.0	1.0	0.0	0.0	0.0
gi|167369738|gb|ABZ78855.1|	0.0	0.0	0.0	0.0	0.0	0.0	0.0	0.0	0.0	0.0	0.0	0.0	0.0	0.0	0.0	0.0	0.0	0.0	1.0	1.0	0.0	0.0
gi|167596540|gb|ABZ86538.1|	0.0	0.0	0.0	0.0	0.0	2.0	0.0	0.0	0.0	0.0	2.0	0.0	0.0	1.0	0.0	1.0	0.0	0.0	0.0	0.0	0.0	0.0
gi|167802|gb|AAA33211.1|	0.0	0.0	0.0	0.0	1.0	0.0	0.0	0.0	0.0	0.0	0.0	0.0	0.0	0.0	0.0	0.0	0.0	0.0	0.0	1.0	0.0	0.0
gi|168483|gb|AAA18571.1|	0.0	0.0	1.0	0.0	0.0	0.0	0.0	0.0	0.0	0.0	0.0	0.0	0.0	0.0	0.0	0.0	0.0	0.0	0.0	0.0	0.0	0.0
gi|16930794|gb|AAL32057.1|AF441188_1	0.0	0.0	0.0	1.0	0.0	0.0	0.0	0.0	0.0	0.0	0.0	0.0	0.0	1.0	0.0	0.0	0.0	0.0	1.0	0.0	0.0	0.0
gi|1698442|gb|AAC44672.1|	0.0	0.0	1.0	0.0	1.0	0.0	0.0	0.0	0.0	1.0	0.0	0.0	0.0	0.0	1.0	0.0	0.0	0.0	2.0	0.0	0.0	0.0
gi|1698543|gb|AAC44647.1|	0.0	0.0	0.0	0.0	0.0	0.0	0.0	0.0	0.0	0.0	0.0	0.0	0.0	0.0	0.0	0.0	0.0	0.0	1.0	0.0	1.0	0.0
gi|17134071|dbj|BAB76632.1|	0.0	0.0	1.0	0.0	0.0	0.0	0.0	0.0	0.0	0.0	0.0	0.0	0.0	0.0	0.0	0.0	0.0	0.0	0.0	0.0	0.0	0.0
gi|171569|gb|AAA34632.1|	0.0	0.0	0.0	0.0	0.0	0.0	0.0	0.0	0.0	1.0	1.0	0.0	0.0	1.0	0.0	0.0	1.0	0.0	0.0	0.0	0.0	0.0
gi|171888|gb|AAA34757.1|	0.0	0.0	0.0	0.0	0.0	0.0	0.0	0.0	0.0	0.0	0.0	0.0	0.0	0.0	0.0	0.0	0.0	0.0	0.0	0.0	1.0	0.0
gi|1732203|gb|AAC44683.1|	0.0	0.0	0.0	0.0	0.0	0.0	1.0	0.0	0.0	0.0	1.0	1.0	0.0	0.0	0.0	0.0	0.0	0.0	0.0	0.0	0.0	0.0
gi|173305|gb|AAA35265.1|	0.0	0.0	0.0	0.0	2.0	0.0	0.0	0.0	0.0	0.0	1.0	2.0	0.0	0.0	0.0	0.0	0.0	0.0	0.0	0.0	0.0	0.0
gi|1771261|emb|CAA54308.1|	0.0	0.0	1.0	2.0	0.0	0.0	0.0	0.0	0.0	1.0	0.0	0.0	1.0	0.0	0.0	0.0	0.0	0.0	0.0	0.0	1.0	0.0
gi|1773087|gb|AAB40159.1|	0.0	0.0	0.0	0.0	0.0	1.0	0.0	0.0	1.0	0.0	0.0	0.0	0.0	0.0	0.0	0.0	0.0	0.0	0.0	0.0	0.0	0.0
gi|1773158|gb|AAB40230.1|	0.0	0.0	0.0	0.0	0.0	1.0	0.0	0.0	1.0	0.0	2.0	0.0	0.0	0.0	0.0	0.0	0.0	0.0	0.0	1.0	0.0	0.0
gi|178246|gb|AAA51676.1|	0.0	0.0	0.0	1.0	0.0	1.0	0.0	1.0	1.0	0.0	1.0	0.0	0.0	1.0	0.0	1.0	0.0	0.0	0.0	0.0	0.0	0.0
gi|17826962|dbj|BAB79291.1|	0.0	0.0	0.0	0.0	0.0	0.0	1.0	0.0	0.0	0.0	0.0	0.0	0.0	1.0	0.0	0.0	1.0	0.0	0.0	0.0	0.0	0.0
gi|1786278|gb|AAC73201.1|	0.0	0.0	0.0	0.0	1.0	0.0	0.0	1.0	0.0	0.0	0.0	0.0	2.0	0.0	0.0	0.0	0.0	0.0	0.0	1.0	0.0	0.0
gi|1786343|gb|AAC73260.1|	0.0	0.0	0.0	0.0	3.0	3.0	0.0	0.0	2.0	0.0	0.0	0.0	1.0	0.0	0.0	0.0	0.0	0.0	0.0	2.0	0.0	0.0
gi|1787287|gb|AAC74133.1|	0.0	0.0	0.0	0.0	4.0	2.0	0.0	0.0	1.0	0.0	0.0	0.0	2.0	0.0	0.0	0.0	0.0	0.0	0.0	2.0	0.0	0.0
gi|1787350|gb|AAC74191.1|	0.0	0.0	0.0	0.0	0.0	1.0	0.0	0.0	0.0	0.0	0.0	0.0	0.0	0.0	0.0	1.0	0.0	0.0	0.0	1.0	0.0	0.0
gi|1787447|gb|AAC74281.1|	0.0	0.0	0.0	0.0	2.0	1.0	0.0	0.0	0.0	0.0	0.0	0.0	1.0	0.0	0.0	0.0	0.0	0.0	0.0	1.0	0.0	0.0
gi|1788588|gb|AAC75314.1|	0.0	0.0	0.0	0.0	1.0	1.0	0.0	0.0	0.0	0.0	0.0	0.0	0.0	0.0	0.0	0.0	0.0	0.0	0.0	0.0	0.0	0.0
gi|1788591|gb|AAC75317.1|	0.0	0.0	0.0	0.0	0.0	2.0	0.0	0.0	1.0	0.0	0.0	0.0	1.0	0.0	0.0	0.0	0.0	0.0	0.0	1.0	0.0	0.0
gi|18031893|gb|AAL23578.1|	0.0	0.0	0.0	0.0	0.0	0.0	0.0	0.0	0.0	0.0	0.0	0.0	0.0	0.0	0.0	0.0	1.0	0.0	0.0	0.0	0.0	0.0
gi|18031895|gb|AAL23579.1|	0.0	0.0	0.0	0.0	0.0	0.0	0.0	1.0	0.0	0.0	0.0	0.0	0.0	0.0	0.0	0.0	0.0	0.0	0.0	0.0	0.0	0.0
gi|18086516|gb|AAL57752.1|	0.0	0.0	0.0	0.0	0.0	0.0	0.0	1.0	0.0	0.0	1.0	0.0	2.0	1.0	0.0	0.0	0.0	0.0	0.0	0.0	0.0	0.0
gi|18086518|gb|AAL57753.1|	0.0	0.0	0.0	0.0	0.0	0.0	0.0	0.0	0.0	1.0	0.0	0.0	0.0	0.0	0.0	1.0	1.0	0.0	0.0	0.0	0.0	0.0
gi|18144526|dbj|BAB80572.1|	0.0	0.0	4.0	3.0	6.0	2.0	4.0	5.0	3.0	5.0	3.0	6.0	1.0	3.0	2.0	3.0	5.0	1.0	6.0	3.0	2.0	2.0
gi|18148436|dbj|BAB79196.2|	0.0	0.0	0.0	0.0	0.0	1.0	0.0	0.0	0.0	0.0	0.0	0.0	0.0	0.0	0.0	0.0	0.0	0.0	0.0	0.0	0.0	1.0
gi|18159937|gb|AAL63326.1|	0.0	0.0	0.0	0.0	1.0	3.0	0.0	1.0	2.0	0.0	3.0	0.0	0.0	1.0	2.0	2.0	1.0	0.0	1.0	1.0	0.0	0.0
gi|182909786|gb|ACC05670.1|	0.0	0.0	1.0	1.0	0.0	0.0	0.0	1.0	0.0	0.0	1.0	0.0	0.0	2.0	0.0	0.0	0.0	0.0	0.0	0.0	0.0	0.0
gi|184026|gb|AAA58642.1|	1.0	0.0	1.0	0.0	3.0	1.0	2.0	2.0	2.0	2.0	2.0	2.0	2.0	3.0	3.0	2.0	2.0	0.0	1.0	3.0	1.0	1.0
gi|18447901|dbj|BAB84321.1|	0.0	0.0	4.0	3.0	5.0	2.0	1.0	1.0	3.0	3.0	3.0	5.0	1.0	3.0	4.0	3.0	4.0	1.0	5.0	1.0	1.0	1.0
gi|1857333|gb|AAC45218.1|	0.0	0.0	1.0	1.0	0.0	0.0	1.0	0.0	0.0	1.0	0.0	1.0	0.0	0.0	0.0	1.0	1.0	0.0	0.0	1.0	0.0	0.0
gi|1881669|gb|AAC62251.1|	0.0	0.0	0.0	0.0	1.0	4.0	0.0	0.0	1.0	0.0	0.0	0.0	0.0	0.0	0.0	0.0	0.0	0.0	1.0	0.0	0.0	0.0
gi|18893671|gb|AAL81659.1|	0.0	0.0	0.0	0.0	0.0	0.0	0.0	0.0	0.0	0.0	0.0	0.0	0.0	0.0	1.0	0.0	0.0	0.0	0.0	0.0	0.0	0.0
gi|1890655|gb|AAC44974.1|	0.0	0.0	0.0	0.0	1.0	2.0	0.0	0.0	0.0	0.0	0.0	0.0	0.0	0.0	0.0	0.0	0.0	1.0	1.0	1.0	0.0	1.0
gi|189436085|gb|EDV05070.1|	0.0	0.0	1.0	3.0	1.0	0.0	0.0	0.0	1.0	0.0	0.0	0.0	1.0	1.0	1.0	1.0	0.0	0.0	0.0	0.0	0.0	2.0
gi|189582257|gb|ACE13470.1|	0.0	0.0	1.0	0.0	0.0	1.0	0.0	0.0	1.0	0.0	0.0	1.0	0.0	1.0	1.0	0.0	1.0	0.0	0.0	0.0	0.0	0.0
gi|190133789|gb|ACE62913.1|	0.0	0.0	0.0	2.0	0.0	2.0	0.0	0.0	0.0	0.0	2.0	1.0	0.0	0.0	1.0	0.0	2.0	0.0	0.0	1.0	1.0	0.0
gi|190685071|gb|ACE82749.1|	0.0	0.0	0.0	1.0	1.0	1.0	0.0	0.0	0.0	0.0	1.0	1.0	0.0	0.0	0.0	0.0	0.0	0.0	0.0	0.0	0.0	0.0
gi|190686701|gb|ACE84379.1|	0.0	0.0	0.0	0.0	0.0	1.0	0.0	0.0	0.0	0.0	0.0	0.0	0.0	0.0	0.0	0.0	0.0	0.0	0.0	0.0	0.0	0.0
gi|19171141|emb|CAC27412.2|	0.0	0.0	0.0	1.0	0.0	1.0	0.0	0.0	0.0	0.0	1.0	1.0	0.0	0.0	1.0	0.0	0.0	0.0	0.0	1.0	1.0	0.0
gi|192185|gb|AAA37292.1|	0.0	0.0	2.0	2.0	5.0	2.0	1.0	2.0	2.0	1.0	1.0	1.0	0.0	2.0	2.0	3.0	3.0	1.0	2.0	2.0	1.0	2.0
gi|1938210|emb|CAB08072.1|	0.0	0.0	0.0	2.0	0.0	0.0	0.0	0.0	0.0	0.0	0.0	0.0	0.0	0.0	0.0	0.0	0.0	0.0	1.0	0.0	0.0	1.0
gi|194278148|gb|ACF39706.1|	0.0	0.0	0.0	0.0	0.0	2.0	0.0	0.0	1.0	0.0	0.0	0.0	0.0	0.0	0.0	0.0	0.0	0.0	1.0	0.0	0.0	1.0
gi|1944413|dbj|BAA19591.1|	3.0	1.0	3.0	5.0	0.0	8.0	1.0	2.0	4.0	1.0	8.0	3.0	0.0	3.0	4.0	6.0	2.0	0.0	3.0	4.0	1.0	4.0
gi|1944414|dbj|BAA19592.1|	0.0	0.0	0.0	1.0	0.0	2.0	0.0	0.0	0.0	0.0	0.0	0.0	0.0	1.0	0.0	0.0	0.0	0.0	0.0	1.0	0.0	0.0
gi|1945100|dbj|BAA19708.1|	0.0	0.0	0.0	0.0	1.0	1.0	0.0	0.0	0.0	0.0	0.0	0.0	0.0	0.0	0.0	0.0	0.0	0.0	0.0	0.0	0.0	0.0
gi|1945665|emb|CAB08035.1|	0.0	0.0	1.0	0.0	0.0	1.0	0.0	0.0	0.0	0.0	0.0	1.0	0.0	0.0	1.0	0.0	1.0	0.0	0.0	0.0	0.0	0.0
gi|1945671|emb|CAB08041.1|	0.0	0.0	0.0	1.0	0.0	0.0	0.0	0.0	0.0	0.0	0.0	0.0	0.0	0.0	0.0	0.0	0.0	0.0	0.0	0.0	0.0	0.0
gi|1945714|emb|CAB08008.1|	0.0	0.0	0.0	1.0	0.0	0.0	0.0	1.0	0.0	0.0	0.0	0.0	0.0	0.0	0.0	0.0	0.0	0.0	0.0	0.0	0.0	0.0
gi|19698937|gb|AAL91204.1|	0.0	0.0	6.0	5.0	5.0	2.0	2.0	6.0	5.0	6.0	3.0	3.0	0.0	2.0	6.0	5.0	4.0	2.0	5.0	1.0	2.0	0.0
gi|19912226|dbj|BAB88404.1|	0.0	0.0	0.0	0.0	0.0	2.0	0.0	0.0	2.0	0.0	0.0	1.0	0.0	0.0	0.0	0.0	0.0	0.0	0.0	0.0	0.0	0.0
gi|20259518|gb|AAM13879.1|	0.0	0.0	0.0	1.0	1.0	4.0	0.0	1.0	1.0	0.0	0.0	1.0	0.0	1.0	2.0	1.0	1.0	0.0	0.0	0.0	0.0	0.0
gi|204423|gb|AAA41253.1|	0.0	0.0	0.0	0.0	0.0	1.0	0.0	0.0	0.0	0.0	1.0	0.0	0.0	1.0	0.0	0.0	0.0	0.0	1.0	0.0	0.0	0.0
gi|20514985|gb|AAM23323.1|	0.0	0.0	0.0	1.0	3.0	1.0	0.0	1.0	2.0	2.0	2.0	2.0	0.0	2.0	2.0	2.0	4.0	0.0	2.0	1.0	0.0	0.0
gi|205299|gb|AAA41565.1|	0.0	0.0	0.0	1.0	0.0	0.0	0.0	1.0	0.0	0.0	1.0	0.0	0.0	0.0	0.0	0.0	0.0	0.0	0.0	0.0	0.0	0.0
gi|206600985|gb|ACI16355.1|	0.0	0.0	0.0	0.0	1.0	0.0	0.0	0.0	0.0	0.0	0.0	0.0	0.0	0.0	0.0	0.0	0.0	0.0	0.0	0.0	0.0	0.0
gi|209571418|dbj|BAG75105.1|	0.0	0.0	0.0	0.0	0.0	0.0	0.0	1.0	0.0	0.0	0.0	0.0	0.0	0.0	0.0	0.0	0.0	0.0	0.0	0.0	0.0	0.0
gi|21109855|gb|AAM38333.1|	0.0	0.0	0.0	0.0	1.0	0.0	0.0	0.0	0.0	0.0	0.0	0.0	0.0	0.0	0.0	0.0	0.0	0.0	0.0	0.0	0.0	0.0
gi|21112304|gb|AAM40554.1|	0.0	0.0	0.0	1.0	0.0	1.0	0.0	0.0	1.0	2.0	0.0	2.0	0.0	1.0	1.0	1.0	1.0	0.0	1.0	0.0	0.0	0.0
gi|21115395|gb|AAM43337.1|	0.0	0.0	2.0	0.0	8.0	2.0	3.0	6.0	3.0	2.0	6.0	4.0	2.0	3.0	1.0	3.0	8.0	0.0	3.0	2.0	1.0	2.0
gi|2114112|dbj|BAA20086.1|	0.0	0.0	2.0	0.0	0.0	0.0	2.0	1.0	0.0	2.0	1.0	1.0	0.0	0.0	0.0	0.0	1.0	1.0	0.0	1.0	0.0	2.0
gi|212286446|dbj|BAG82876.1|	1.0	0.0	0.0	1.0	0.0	1.0	1.0	1.0	1.0	1.0	2.0	2.0	0.0	2.0	1.0	1.0	1.0	0.0	1.0	1.0	1.0	1.0
gi|21324076|dbj|BAB98701.1|	0.0	0.0	2.0	4.0	0.0	5.0	1.0	2.0	2.0	2.0	5.0	5.0	0.0	3.0	3.0	3.0	1.0	0.0	3.0	0.0	0.0	2.0
gi|21324857|dbj|BAB99480.1|	0.0	0.0	2.0	1.0	1.0	1.0	1.0	2.0	1.0	1.0	1.0	1.0	0.0	1.0	1.0	3.0	0.0	0.0	1.0	1.0	1.0	2.0
gi|21436685|emb|CAD33708.1|	0.0	0.0	0.0	0.0	0.0	0.0	0.0	0.0	0.0	0.0	0.0	0.0	0.0	0.0	0.0	1.0	1.0	0.0	1.0	0.0	0.0	0.0
gi|2145152|gb|AAB63015.1|	0.0	0.0	1.0	0.0	0.0	0.0	0.0	0.0	0.0	0.0	0.0	0.0	0.0	0.0	0.0	0.0	0.0	0.0	0.0	0.0	0.0	0.0
gi|215164|gb|AAA96598.1|	0.0	0.0	0.0	0.0	0.0	2.0	0.0	0.0	0.0	0.0	0.0	0.0	2.0	0.0	0.0	0.0	0.0	0.0	0.0	0.0	0.0	0.0
gi|215368|gb|AAA32300.1|	0.0	0.0	0.0	0.0	0.0	1.0	0.0	0.0	0.0	0.0	0.0	0.0	0.0	0.0	0.0	0.0	0.0	0.0	0.0	1.0	0.0	0.0
gi|216292|dbj|BAA02521.1|	0.0	0.0	0.0	0.0	0.0	0.0	0.0	0.0	0.0	0.0	1.0	0.0	0.0	0.0	0.0	0.0	0.0	0.0	0.0	1.0	0.0	0.0
gi|216426|dbj|BAA02527.1|	0.0	0.0	1.0	1.0	0.0	4.0	0.0	0.0	3.0	0.0	1.0	0.0	0.0	0.0	1.0	3.0	0.0	0.0	0.0	0.0	1.0	0.0
gi|216849|dbj|BAA01182.1|	0.0	0.0	0.0	0.0	0.0	0.0	0.0	0.0	1.0	0.0	1.0	1.0	0.0	0.0	0.0	1.0	1.0	0.0	1.0	1.0	0.0	0.0
gi|21702210|emb|CAD32957.1|	0.0	0.0	3.0	1.0	1.0	0.0	0.0	1.0	2.0	1.0	1.0	1.0	0.0	0.0	1.0	1.0	1.0	0.0	1.0	1.0	0.0	1.0
gi|217228794|gb|ACK10579.1|	0.0	0.0	0.0	0.0	0.0	0.0	0.0	0.0	1.0	1.0	1.0	0.0	0.0	0.0	0.0	1.0	1.0	0.0	2.0	0.0	0.0	0.0
gi|217337193|gb|ACK42986.1|	0.0	0.0	0.0	1.0	0.0	0.0	0.0	0.0	0.0	0.0	0.0	0.0	0.0	0.0	0.0	0.0	0.0	0.0	0.0	0.0	0.0	0.0
gi|217988132|gb|EEC54456.1|	0.0	0.0	0.0	0.0	0.0	0.0	1.0	0.0	1.0	2.0	1.0	0.0	3.0	2.0	1.0	1.0	1.0	2.0	3.0	0.0	0.0	0.0
gi|2183291|gb|AAC28125.1|	0.0	0.0	0.0	1.0	0.0	1.0	0.0	1.0	0.0	0.0	0.0	0.0	0.0	0.0	0.0	0.0	0.0	0.0	1.0	0.0	0.0	1.0
gi|21928117|gb|AAM78086.1|	0.0	0.0	0.0	1.0	3.0	3.0	0.0	2.0	3.0	3.0	3.0	3.0	0.0	2.0	1.0	3.0	3.0	0.0	2.0	1.0	0.0	2.0
gi|21960883|gb|AAM87431.1|AE013993_2	0.0	0.0	0.0	0.0	0.0	0.0	0.0	1.0	0.0	0.0	0.0	0.0	0.0	0.0	0.0	0.0	0.0	0.0	0.0	0.0	0.0	0.0
gi|219807263|dbj|BAH10636.1|	0.0	0.0	0.0	0.0	0.0	0.0	0.0	0.0	0.0	0.0	0.0	0.0	0.0	2.0	0.0	0.0	0.0	0.0	0.0	0.0	0.0	0.0
gi|219998158|gb|ACL74759.1|	0.0	0.0	0.0	0.0	0.0	3.0	0.0	0.0	1.0	0.0	1.0	1.0	0.0	0.0	1.0	2.0	0.0	0.0	0.0	0.0	0.0	0.0
gi|2209061|dbj|BAA20536.1|	0.0	0.0	1.0	1.0	0.0	0.0	0.0	0.0	0.0	0.0	0.0	1.0	0.0	0.0	0.0	0.0	0.0	0.0	0.0	0.0	0.0	0.0
gi|222355238|gb|ACM48349.1|	0.0	0.0	0.0	0.0	0.0	0.0	0.0	0.0	0.0	0.0	1.0	0.0	0.0	0.0	0.0	0.0	1.0	0.0	0.0	0.0	0.0	0.0
gi|2231062|emb|CAB07443.1|	0.0	0.0	0.0	0.0	0.0	1.0	0.0	0.0	0.0	0.0	0.0	0.0	0.0	0.0	0.0	0.0	0.0	0.0	0.0	0.0	0.0	0.0
gi|223403300|gb|ACM89182.1|	0.0	0.0	0.0	0.0	0.0	0.0	0.0	0.0	0.0	0.0	0.0	0.0	0.0	1.0	0.0	0.0	0.0	0.0	0.0	0.0	0.0	0.0
gi|223558040|gb|ACM91046.1|	0.0	0.0	1.0	2.0	4.0	0.0	2.0	2.0	2.0	2.0	1.0	1.0	2.0	3.0	3.0	4.0	1.0	1.0	2.0	1.0	1.0	0.0
gi|223558101|gb|ACM91105.1|	0.0	0.0	0.0	0.0	3.0	0.0	2.0	0.0	0.0	2.0	0.0	0.0	0.0	0.0	2.0	0.0	0.0	0.0	0.0	0.0	0.0	0.0
gi|223951460|gb|ACN29695.1|	0.0	0.0	1.0	0.0	0.0	0.0	2.0	0.0	2.0	2.0	0.0	0.0	3.0	5.0	2.0	4.0	2.0	3.0	2.0	0.0	2.0	3.0
gi|225008508|gb|ACN78884.1|	0.0	0.0	6.0	5.0	13.0	5.0	2.0	10.0	11.0	10.0	4.0	9.0	1.0	9.0	8.0	6.0	12.0	2.0	12.0	4.0	4.0	2.0
gi|225016050|gb|ACN78954.1|	0.0	0.0	0.0	0.0	1.0	0.0	0.0	0.0	0.0	0.0	0.0	0.0	0.0	0.0	0.0	0.0	0.0	0.0	0.0	0.0	0.0	0.0
gi|225016052|gb|ACN78955.1|	0.0	0.0	2.0	1.0	1.0	0.0	1.0	3.0	3.0	1.0	2.0	6.0	0.0	4.0	0.0	1.0	2.0	2.0	2.0	2.0	2.0	0.0
gi|225032186|gb|ACN79585.1|	0.0	0.0	0.0	1.0	0.0	0.0	0.0	0.0	0.0	0.0	1.0	0.0	0.0	0.0	2.0	0.0	0.0	0.0	0.0	1.0	0.0	0.0
gi|2253101|gb|AAB62870.1|	0.0	0.0	16.0	13.0	13.0	7.0	10.0	13.0	19.0	12.0	10.0	18.0	11.0	27.0	17.0	19.0	17.0	2.0	17.0	9.0	2.0	5.0
gi|226377551|gb|ACO52514.1|	0.0	0.0	1.0	1.0	1.0	1.0	0.0	0.0	0.0	2.0	0.0	1.0	1.0	0.0	1.0	1.0	1.0	0.0	2.0	0.0	0.0	0.0
gi|226443498|gb|ACO57638.1|	0.0	0.0	2.0	2.0	3.0	3.0	0.0	1.0	1.0	0.0	1.0	1.0	0.0	2.0	3.0	3.0	0.0	0.0	0.0	0.0	0.0	0.0
gi|22651488|gb|AAL83700.1|	0.0	0.0	1.0	0.0	0.0	0.0	0.0	0.0	0.0	0.0	0.0	0.0	0.0	1.0	0.0	0.0	0.0	0.0	0.0	0.0	0.0	0.0
gi|226525535|gb|ACO70964.1|	0.0	0.0	0.0	0.0	1.0	0.0	0.0	0.0	0.0	0.0	0.0	0.0	0.0	0.0	0.0	0.0	0.0	0.0	0.0	0.0	0.0	0.0
gi|22775333|dbj|BAC11844.1|	0.0	0.0	1.0	2.0	1.0	4.0	0.0	1.0	0.0	1.0	3.0	3.0	1.0	1.0	0.0	0.0	3.0	0.0	1.0	1.0	0.0	2.0
gi|22777772|dbj|BAC14043.1|	0.0	0.0	0.0	1.0	0.0	1.0	2.0	1.0	0.0	1.0	1.0	1.0	0.0	1.0	1.0	1.0	0.0	1.0	1.0	1.0	0.0	0.0
gi|2289790|dbj|BAA21669.1|	0.0	0.0	1.0	0.0	1.0	2.0	0.0	1.0	3.0	0.0	1.0	1.0	2.0	1.0	0.0	0.0	3.0	1.0	1.0	1.0	1.0	0.0
gi|2293136|gb|AAC00214.1|	0.0	0.0	0.0	0.0	0.0	3.0	0.0	0.0	0.0	0.0	0.0	0.0	0.0	0.0	0.0	0.0	0.0	0.0	0.0	0.0	0.0	2.0
gi|2293139|gb|AAC00217.1|	0.0	0.0	0.0	1.0	0.0	2.0	0.0	0.0	0.0	0.0	0.0	0.0	0.0	0.0	0.0	0.0	0.0	0.0	0.0	0.0	0.0	1.0
gi|2293140|gb|AAC00218.1|	0.0	0.0	0.0	3.0	1.0	5.0	1.0	2.0	1.0	2.0	5.0	3.0	1.0	1.0	1.0	1.0	1.0	0.0	2.0	1.0	2.0	4.0
gi|2293205|gb|AAC00283.1|	0.0	0.0	0.0	0.0	1.0	0.0	0.0	0.0	0.0	1.0	0.0	0.0	0.0	0.0	0.0	0.0	0.0	0.0	0.0	0.0	0.0	0.0
gi|2293305|gb|AAC00383.1|	0.0	0.0	0.0	0.0	0.0	0.0	0.0	0.0	0.0	0.0	0.0	0.0	0.0	0.0	0.0	0.0	0.0	0.0	2.0	0.0	0.0	1.0
gi|2313523|gb|AAD07485.1|	0.0	0.0	0.0	1.0	0.0	0.0	0.0	1.0	0.0	0.0	1.0	0.0	0.0	1.0	0.0	0.0	0.0	0.0	1.0	0.0	0.0	0.0
gi|2323344|gb|AAB82656.1|	0.0	0.0	0.0	0.0	0.0	0.0	0.0	0.0	0.0	0.0	0.0	1.0	0.0	0.0	0.0	0.0	0.0	0.0	1.0	0.0	0.0	0.0
gi|2323355|gb|AAB66561.1|	0.0	0.0	1.0	5.0	2.0	4.0	2.0	2.0	5.0	2.0	2.0	3.0	0.0	3.0	1.0	4.0	2.0	3.0	1.0	1.0	1.0	0.0
gi|23304841|emb|CAD48308.1|	0.0	0.0	0.0	1.0	0.0	1.0	0.0	0.0	1.0	0.0	0.0	0.0	0.0	0.0	1.0	1.0	0.0	0.0	0.0	0.0	1.0	0.0
gi|23304843|emb|CAD48309.1|	0.0	0.0	1.0	5.0	4.0	7.0	0.0	2.0	2.0	0.0	7.0	3.0	0.0	5.0	3.0	4.0	2.0	0.0	5.0	3.0	0.0	1.0
gi|23304845|emb|CAD48310.1|	0.0	0.0	7.0	6.0	10.0	2.0	6.0	4.0	9.0	8.0	6.0	11.0	1.0	5.0	7.0	9.0	8.0	4.0	8.0	4.0	2.0	5.0
gi|23325446|gb|AAN24099.1|	0.0	0.0	0.0	1.0	0.0	1.0	0.0	0.0	1.0	0.0	0.0	0.0	0.0	1.0	0.0	1.0	0.0	0.0	0.0	0.0	0.0	0.0
gi|23325667|gb|AAN24297.1|	0.0	0.0	0.0	0.0	0.0	0.0	0.0	1.0	0.0	0.0	0.0	0.0	0.0	2.0	0.0	0.0	1.0	1.0	1.0	1.0	0.0	0.0
gi|23325740|gb|AAN24362.1|	0.0	0.0	0.0	0.0	0.0	0.0	0.0	0.0	0.0	0.0	0.0	0.0	0.0	0.0	0.0	0.0	0.0	0.0	1.0	0.0	0.0	0.0
gi|23325747|gb|AAN24368.1|	0.0	0.0	0.0	0.0	0.0	1.0	0.0	0.0	0.0	0.0	0.0	0.0	0.0	0.0	0.0	0.0	1.0	0.0	0.0	0.0	0.0	0.0
gi|23491576|dbj|BAC16750.1|	0.0	0.0	3.0	1.0	1.0	0.0	1.0	3.0	2.0	0.0	6.0	1.0	0.0	0.0	3.0	4.0	0.0	0.0	3.0	0.0	0.0	1.0
gi|23616924|dbj|BAC20640.1|	0.0	0.0	1.0	0.0	0.0	0.0	0.0	2.0	0.0	0.0	0.0	0.0	0.0	0.0	1.0	1.0	0.0	0.0	0.0	0.0	0.0	0.0
gi|237770100|gb|ACR19005.1|	0.0	0.0	0.0	0.0	1.0	0.0	1.0	0.0	0.0	0.0	0.0	2.0	0.0	0.0	0.0	1.0	2.0	0.0	0.0	2.0	0.0	0.0
gi|237770102|gb|ACR19007.1|	0.0	0.0	1.0	2.0	3.0	1.0	1.0	4.0	2.0	1.0	3.0	4.0	1.0	2.0	2.0	2.0	3.0	0.0	3.0	1.0	1.0	1.0
gi|24137649|dbj|BAC22065.1|	0.0	0.0	0.0	1.0	0.0	1.0	0.0	0.0	0.0	1.0	0.0	0.0	0.0	1.0	1.0	1.0	1.0	0.0	1.0	0.0	0.0	0.0
gi|242347882|gb|ACS92711.1|	0.0	0.0	0.0	0.0	0.0	0.0	0.0	0.0	0.0	0.0	0.0	0.0	0.0	1.0	0.0	0.0	0.0	0.0	0.0	0.0	0.0	0.0
gi|2429092|gb|AAB70867.1|	0.0	0.0	0.0	0.0	1.0	0.0	1.0	0.0	1.0	1.0	0.0	0.0	0.0	0.0	1.0	1.0	1.0	1.0	0.0	0.0	0.0	1.0
gi|24306106|gb|AAN52525.1|AF442961_1	0.0	0.0	1.0	1.0	0.0	0.0	0.0	0.0	0.0	0.0	0.0	0.0	0.0	0.0	0.0	0.0	0.0	0.0	0.0	0.0	0.0	0.0
gi|24377478|gb|AAN58797.1|AE014947_9	0.0	0.0	2.0	1.0	0.0	1.0	0.0	3.0	1.0	1.0	2.0	6.0	0.0	0.0	3.0	2.0	1.0	0.0	2.0	0.0	0.0	3.0
gi|24377968|gb|AAN59243.1|AE014991_9	0.0	0.0	0.0	0.0	1.0	2.0	0.0	0.0	0.0	0.0	1.0	0.0	1.0	0.0	0.0	0.0	2.0	0.0	0.0	1.0	1.0	0.0
gi|2462706|emb|CAA74937.1|	0.0	0.0	0.0	2.0	1.0	0.0	0.0	1.0	0.0	0.0	1.0	0.0	0.0	1.0	0.0	0.0	0.0	0.0	0.0	0.0	0.0	0.0
gi|2465415|gb|AAC39272.1|	0.0	0.0	0.0	1.0	0.0	1.0	0.0	0.0	0.0	0.0	0.0	0.0	0.0	0.0	0.0	0.0	0.0	0.0	1.0	0.0	0.0	0.0
gi|24899853|gb|AAD33394.2|AF128887_1	0.0	0.0	0.0	0.0	0.0	1.0	0.0	0.0	0.0	0.0	0.0	0.0	1.0	0.0	0.0	0.0	0.0	0.0	0.0	0.0	0.0	0.0
gi|2541901|dbj|BAA22834.1|	0.0	0.0	0.0	0.0	0.0	0.0	0.0	1.0	0.0	0.0	0.0	0.0	0.0	0.0	0.0	1.0	0.0	0.0	0.0	0.0	0.0	0.0
gi|254547257|gb|ACT66689.1|	0.0	0.0	5.0	3.0	3.0	1.0	3.0	2.0	4.0	9.0	4.0	2.0	3.0	6.0	5.0	4.0	5.0	4.0	4.0	1.0	2.0	3.0
gi|255345703|gb|ACU05029.1|	0.0	0.0	8.0	6.0	26.0	6.0	11.0	9.0	12.0	15.0	8.0	23.0	1.0	12.0	10.0	15.0	25.0	5.0	14.0	6.0	2.0	6.0
gi|255502761|gb|ACU11859.1|	0.0	0.0	0.0	0.0	1.0	0.0	0.0	0.0	0.0	0.0	0.0	0.0	0.0	0.0	0.0	0.0	0.0	0.0	0.0	0.0	0.0	0.0
gi|257143787|emb|CAZ44333.1|	0.0	0.0	0.0	0.0	0.0	0.0	0.0	0.0	0.0	1.0	1.0	0.0	0.0	0.0	0.0	0.0	0.0	0.0	0.0	0.0	0.0	0.0
gi|25989577|gb|AAN05450.1|	0.0	0.0	0.0	1.0	0.0	2.0	0.0	0.0	0.0	0.0	2.0	0.0	0.0	0.0	0.0	0.0	0.0	0.0	0.0	0.0	0.0	1.0
gi|25989579|gb|AAN05452.1|	0.0	0.0	0.0	0.0	0.0	0.0	0.0	0.0	0.0	0.0	1.0	0.0	0.0	0.0	0.0	0.0	0.0	0.0	0.0	0.0	0.0	0.0
gi|25989600|gb|AAN05443.1|	0.0	0.0	0.0	0.0	0.0	0.0	0.0	0.0	0.0	0.0	1.0	0.0	0.0	0.0	0.0	0.0	0.0	0.0	0.0	0.0	0.0	0.0
gi|26107529|gb|AAN79728.1|AE016759_2	0.0	0.0	0.0	0.0	0.0	1.0	0.0	0.0	0.0	0.0	0.0	0.0	0.0	0.0	0.0	0.0	0.0	0.0	0.0	1.0	0.0	0.0
gi|26107651|gb|AAN79850.1|AE016759_124	0.0	0.0	0.0	0.0	1.0	1.0	0.0	0.0	1.0	0.0	0.0	0.0	0.0	0.0	0.0	0.0	0.0	0.0	0.0	1.0	0.0	0.0
gi|261372617|gb|ACX75362.1|	0.0	0.0	0.0	1.0	1.0	0.0	1.0	0.0	1.0	1.0	1.0	0.0	0.0	1.0	2.0	0.0	0.0	0.0	0.0	1.0	1.0	1.0
gi|2618856|gb|AAC67285.1|	0.0	0.0	1.0	2.0	0.0	3.0	1.0	2.0	0.0	1.0	4.0	1.0	0.0	3.0	1.0	0.0	2.0	0.0	1.0	1.0	1.0	1.0
gi|262089670|gb|ACY24766.1|	0.0	0.0	0.0	0.0	0.0	0.0	0.0	1.0	0.0	1.0	0.0	1.0	0.0	1.0	0.0	0.0	1.0	0.0	0.0	0.0	0.0	0.0
gi|2623298|gb|AAB86444.1|	0.0	0.0	0.0	0.0	1.0	1.0	1.0	0.0	0.0	0.0	0.0	1.0	1.0	0.0	1.0	0.0	0.0	0.0	0.0	0.0	0.0	0.0
gi|26278601|gb|AAM18789.1|	0.0	0.0	0.0	1.0	1.0	0.0	1.0	0.0	1.0	0.0	0.0	0.0	0.0	0.0	0.0	0.0	1.0	0.0	0.0	0.0	0.0	0.0
gi|263200310|gb|ACY69989.1|	0.0	0.0	0.0	0.0	0.0	1.0	0.0	0.0	1.0	0.0	0.0	0.0	0.0	0.0	0.0	1.0	0.0	0.0	0.0	0.0	0.0	0.0
gi|2633018|emb|CAB12524.1|	0.0	0.0	1.0	2.0	1.0	0.0	0.0	0.0	0.0	0.0	0.0	3.0	0.0	1.0	0.0	0.0	0.0	1.0	0.0	0.0	0.0	0.0
gi|2633019|emb|CAB12525.1|	0.0	0.0	3.0	1.0	0.0	0.0	2.0	1.0	0.0	0.0	1.0	2.0	0.0	0.0	1.0	0.0	0.0	0.0	0.0	0.0	0.0	0.0
gi|2633122|emb|CAB12627.1|	0.0	0.0	0.0	0.0	0.0	0.0	0.0	1.0	0.0	0.0	0.0	0.0	0.0	0.0	0.0	0.0	0.0	0.0	0.0	0.0	0.0	0.0
gi|2642187|gb|AAB86925.1|	0.0	0.0	1.0	0.0	2.0	0.0	0.0	1.0	1.0	0.0	2.0	2.0	0.0	0.0	0.0	0.0	1.0	0.0	2.0	0.0	0.0	0.0
gi|2645416|gb|AAB87371.1|	0.0	0.0	0.0	0.0	0.0	0.0	0.0	0.0	0.0	0.0	0.0	1.0	0.0	0.0	0.0	0.0	0.0	0.0	0.0	0.0	0.0	0.0
gi|2645846|gb|AAD03471.1|	0.0	0.0	1.0	3.0	2.0	2.0	0.0	2.0	1.0	0.0	3.0	1.0	0.0	1.0	3.0	2.0	0.0	0.0	1.0	1.0	1.0	1.0
gi|2648032|emb|CAA04707.1|	0.0	0.0	0.0	1.0	0.0	0.0	1.0	1.0	0.0	0.0	1.0	1.0	0.0	0.0	0.0	0.0	0.0	0.0	1.0	0.0	0.0	0.0
gi|2655029|gb|AAD13341.1|	0.0	0.0	1.0	0.0	0.0	0.0	0.0	0.0	0.0	0.0	0.0	0.0	0.0	0.0	0.0	0.0	0.0	0.0	0.0	0.0	0.0	0.0
gi|2660639|emb|CAA04523.1|	0.0	0.0	0.0	0.0	0.0	0.0	0.0	1.0	1.0	1.0	0.0	0.0	0.0	0.0	0.0	0.0	1.0	1.0	1.0	0.0	0.0	0.0
gi|2660688|gb|AAB88084.1|	0.0	0.0	1.0	0.0	1.0	0.0	0.0	0.0	0.0	0.0	0.0	2.0	0.0	0.0	0.0	1.0	1.0	0.0	1.0	0.0	0.0	0.0
gi|2688048|gb|AAC66547.1|	0.0	0.0	0.0	1.0	0.0	0.0	0.0	1.0	0.0	0.0	1.0	0.0	0.0	0.0	0.0	0.0	0.0	0.0	0.0	0.0	0.0	0.0
gi|269969494|gb|ACZ54907.1|	0.0	0.0	0.0	0.0	0.0	1.0	0.0	0.0	0.0	0.0	0.0	0.0	0.0	0.0	0.0	0.0	0.0	0.0	0.0	0.0	0.0	1.0
gi|27285928|gb|AAN95307.1|	0.0	0.0	1.0	3.0	2.0	2.0	2.0	3.0	3.0	3.0	4.0	5.0	0.0	4.0	1.0	2.0	4.0	0.0	2.0	3.0	1.0	1.0
gi|27544256|dbj|BAC54904.1|	0.0	0.0	0.0	1.0	1.0	1.0	2.0	0.0	3.0	2.0	0.0	1.0	1.0	1.0	1.0	1.0	1.0	0.0	1.0	0.0	0.0	1.0
gi|2765752|emb|CAB07810.1|	0.0	0.0	0.0	0.0	0.0	1.0	0.0	0.0	0.0	0.0	0.0	0.0	0.0	0.0	0.0	0.0	0.0	0.0	0.0	1.0	0.0	0.0
gi|2780210|emb|CAB06816.1|	0.0	0.0	0.0	1.0	0.0	0.0	0.0	0.0	0.0	0.0	0.0	0.0	0.0	0.0	0.0	0.0	0.0	0.0	0.0	0.0	0.0	0.0
gi|2780736|dbj|BAA24360.1|	0.0	0.0	0.0	0.0	0.0	0.0	0.0	0.0	0.0	0.0	1.0	0.0	0.0	0.0	0.0	0.0	0.0	0.0	0.0	0.0	0.0	0.0
gi|2801805|gb|AAB97471.1|	0.0	0.0	2.0	2.0	3.0	2.0	1.0	3.0	5.0	3.0	0.0	2.0	1.0	2.0	4.0	5.0	4.0	1.0	3.0	0.0	2.0	2.0
gi|2804586|gb|AAD03472.1|	0.0	0.0	0.0	1.0	0.0	1.0	0.0	1.0	0.0	0.0	1.0	1.0	0.0	1.0	0.0	0.0	0.0	0.0	0.0	0.0	0.0	0.0
gi|28075822|gb|AAO31370.1|	0.0	0.0	2.0	3.0	0.0	2.0	0.0	0.0	0.0	0.0	1.0	2.0	0.0	1.0	0.0	0.0	0.0	0.0	0.0	1.0	0.0	0.0
gi|280977753|gb|ACZ98594.1|	0.0	0.0	0.0	0.0	0.0	0.0	0.0	0.0	0.0	0.0	0.0	0.0	0.0	0.0	0.0	0.0	0.0	0.0	0.0	0.0	0.0	1.0
gi|280977757|gb|ACZ98596.1|	0.0	0.0	0.0	0.0	0.0	1.0	0.0	0.0	0.0	0.0	0.0	0.0	0.0	0.0	0.0	0.0	0.0	0.0	0.0	0.0	0.0	0.0
gi|28195225|gb|AAO33821.1|	0.0	0.0	0.0	0.0	0.0	0.0	0.0	0.0	0.0	0.0	0.0	0.0	0.0	0.0	0.0	0.0	0.0	0.0	1.0	0.0	0.0	0.0
gi|28268728|dbj|BAC56887.1|	0.0	0.0	0.0	1.0	0.0	2.0	0.0	0.0	0.0	0.0	1.0	1.0	0.0	0.0	1.0	0.0	0.0	0.0	0.0	0.0	1.0	1.0
gi|28274151|gb|AAO33827.1|	0.0	0.0	6.0	2.0	5.0	1.0	2.0	9.0	3.0	2.0	1.0	5.0	3.0	5.0	1.0	2.0	1.0	1.0	5.0	0.0	1.0	1.0
gi|28274157|gb|AAO33832.1|	0.0	0.0	11.0	12.0	16.0	4.0	5.0	11.0	13.0	12.0	6.0	16.0	1.0	12.0	10.0	12.0	22.0	1.0	13.0	9.0	6.0	3.0
gi|283132536|dbj|BAI63641.1|	0.0	0.0	1.0	0.0	0.0	0.0	0.0	1.0	1.0	0.0	1.0	1.0	0.0	1.0	0.0	0.0	1.0	0.0	0.0	2.0	0.0	0.0
gi|283827709|gb|ADB43998.1|	0.0	0.0	0.0	0.0	0.0	0.0	0.0	1.0	0.0	0.0	0.0	0.0	0.0	0.0	0.0	1.0	0.0	0.0	0.0	0.0	0.0	0.0
gi|283827711|gb|ADB43999.1|	0.0	0.0	0.0	0.0	0.0	0.0	0.0	1.0	0.0	0.0	0.0	0.0	0.0	0.0	1.0	1.0	0.0	0.0	0.0	0.0	0.0	0.0
gi|288551611|gb|ADC53302.1|	0.0	0.0	1.0	1.0	1.0	1.0	0.0	0.0	0.0	0.0	0.0	0.0	0.0	2.0	1.0	1.0	0.0	0.0	0.0	0.0	0.0	0.0
gi|289178295|gb|ADC85541.1|	0.0	0.0	2.0	0.0	1.0	2.0	0.0	0.0	1.0	0.0	1.0	0.0	0.0	0.0	1.0	1.0	0.0	0.0	0.0	0.0	1.0	0.0
gi|290506|gb|AAA62009.1|	0.0	0.0	0.0	4.0	0.0	2.0	0.0	1.0	1.0	0.0	0.0	0.0	2.0	0.0	0.0	1.0	0.0	0.0	2.0	2.0	0.0	0.0
gi|290864|gb|AAA24920.1|	0.0	0.0	0.0	0.0	0.0	0.0	0.0	0.0	0.0	0.0	0.0	0.0	0.0	0.0	1.0	1.0	0.0	0.0	0.0	0.0	0.0	0.0
gi|291292284|gb|ADD92014.1|	0.0	0.0	2.0	2.0	2.0	0.0	2.0	0.0	2.0	0.0	0.0	2.0	0.0	2.0	2.0	1.0	2.0	0.0	2.0	1.0	0.0	0.0
gi|291292286|gb|ADD92015.1|	0.0	0.0	0.0	2.0	3.0	0.0	0.0	3.0	2.0	1.0	0.0	1.0	0.0	2.0	0.0	0.0	1.0	0.0	1.0	0.0	1.0	0.0
gi|291292288|gb|ADD92016.1|	0.0	0.0	5.0	3.0	5.0	1.0	0.0	4.0	2.0	4.0	3.0	4.0	0.0	2.0	4.0	4.0	2.0	0.0	2.0	1.0	0.0	2.0
gi|291609511|gb|EFF38777.1|	0.0	0.0	0.0	1.0	1.0	3.0	0.0	1.0	2.0	0.0	3.0	1.0	0.0	1.0	2.0	1.0	1.0	0.0	0.0	1.0	1.0	1.0
gi|291609515|gb|EFF38781.1|	0.0	0.0	0.0	0.0	0.0	1.0	0.0	0.0	0.0	0.0	0.0	0.0	0.0	0.0	0.0	0.0	0.0	0.0	0.0	0.0	0.0	0.0
gi|2920316|dbj|BAA25004.1|	0.0	0.0	2.0	1.0	1.0	1.0	1.0	1.0	0.0	1.0	7.0	4.0	0.0	0.0	3.0	1.0	1.0	0.0	2.0	1.0	0.0	2.0
gi|2921423|gb|AAC04774.1|	0.0	0.0	0.0	0.0	1.0	0.0	0.0	0.0	0.0	0.0	0.0	0.0	0.0	0.0	0.0	0.0	0.0	0.0	0.0	0.0	0.0	0.0
gi|2921740|gb|AAC38196.1|	0.0	0.0	0.0	1.0	0.0	2.0	1.0	0.0	1.0	1.0	0.0	2.0	0.0	2.0	2.0	0.0	1.0	0.0	0.0	0.0	0.0	0.0
gi|29242769|gb|AAL50186.1|	0.0	0.0	1.0	1.0	1.0	0.0	1.0	1.0	2.0	1.0	1.0	2.0	0.0	1.0	1.0	3.0	3.0	0.0	1.0	2.0	2.0	0.0
gi|292673290|dbj|BAI94821.1|	0.0	0.0	0.0	0.0	0.0	0.0	0.0	0.0	0.0	0.0	0.0	0.0	0.0	0.0	0.0	0.0	0.0	0.0	1.0	0.0	0.0	0.0
gi|292673292|dbj|BAI94822.1|	0.0	0.0	0.0	0.0	0.0	0.0	0.0	1.0	0.0	0.0	0.0	0.0	0.0	0.0	0.0	0.0	0.0	0.0	1.0	0.0	0.0	0.0
gi|292673294|dbj|BAI94823.1|	0.0	0.0	0.0	0.0	0.0	0.0	0.0	0.0	0.0	0.0	0.0	0.0	0.0	0.0	0.0	0.0	0.0	0.0	1.0	0.0	0.0	0.0
gi|29337663|gb|AAO75467.1|	0.0	0.0	3.0	7.0	4.0	1.0	3.0	5.0	2.0	2.0	2.0	3.0	1.0	7.0	2.0	1.0	3.0	1.0	4.0	1.0	2.0	1.0
gi|29337670|gb|AAO75474.1|	1.0	0.0	4.0	4.0	3.0	1.0	2.0	2.0	1.0	2.0	2.0	5.0	2.0	5.0	2.0	1.0	2.0	2.0	4.0	1.0	1.0	1.0
gi|29337672|gb|AAO75476.1|	0.0	0.0	2.0	3.0	3.0	0.0	2.0	2.0	0.0	1.0	1.0	1.0	0.0	4.0	2.0	0.0	1.0	1.0	1.0	0.0	0.0	0.0
gi|29337758|gb|AAO75562.1|	1.0	0.0	7.0	6.0	8.0	3.0	2.0	5.0	4.0	8.0	6.0	8.0	2.0	4.0	4.0	6.0	7.0	0.0	5.0	4.0	2.0	2.0
gi|29337761|gb|AAO75565.1|	0.0	0.0	6.0	9.0	8.0	5.0	4.0	7.0	6.0	9.0	7.0	11.0	6.0	6.0	5.0	5.0	10.0	2.0	7.0	2.0	1.0	3.0
gi|29338338|gb|AAO76139.1|	0.0	2.0	12.0	16.0	13.0	3.0	8.0	6.0	12.0	13.0	4.0	13.0	4.0	15.0	12.0	10.0	13.0	5.0	11.0	4.0	5.0	8.0
gi|29339068|gb|AAO76866.1|	0.0	0.0	3.0	1.0	5.0	0.0	0.0	7.0	5.0	3.0	4.0	4.0	0.0	3.0	3.0	1.0	6.0	1.0	7.0	1.0	2.0	1.0
gi|29339069|gb|AAO76867.1|	0.0	0.0	2.0	2.0	2.0	0.0	1.0	3.0	1.0	1.0	1.0	2.0	0.0	5.0	2.0	3.0	1.0	0.0	1.0	1.0	0.0	0.0
gi|29339074|gb|AAO76872.1|	0.0	0.0	4.0	5.0	5.0	2.0	3.0	5.0	3.0	3.0	1.0	5.0	0.0	10.0	3.0	3.0	6.0	0.0	4.0	1.0	1.0	1.0
gi|29339078|gb|AAO76876.1|	0.0	0.0	3.0	8.0	4.0	0.0	4.0	3.0	4.0	6.0	4.0	5.0	0.0	2.0	4.0	5.0	5.0	1.0	7.0	3.0	0.0	0.0
gi|29339180|gb|AAO76978.1|	0.0	0.0	12.0	17.0	15.0	5.0	6.0	13.0	8.0	14.0	11.0	17.0	0.0	16.0	19.0	12.0	17.0	1.0	16.0	8.0	3.0	5.0
gi|29339187|gb|AAO76985.1|	0.0	0.0	9.0	11.0	15.0	2.0	5.0	8.0	7.0	6.0	4.0	10.0	4.0	4.0	4.0	8.0	8.0	3.0	6.0	4.0	3.0	2.0
gi|29339421|gb|AAO77218.1|	0.0	0.0	6.0	0.0	4.0	0.0	0.0	3.0	2.0	2.0	0.0	5.0	0.0	1.0	0.0	1.0	1.0	0.0	4.0	0.0	0.0	0.0
gi|29339510|gb|AAO77306.1|	0.0	0.0	6.0	2.0	5.0	1.0	0.0	2.0	1.0	2.0	0.0	1.0	1.0	1.0	0.0	0.0	3.0	1.0	1.0	0.0	0.0	1.0
gi|29339941|gb|AAO77736.1|	0.0	1.0	3.0	5.0	4.0	1.0	6.0	8.0	6.0	6.0	4.0	5.0	2.0	3.0	6.0	10.0	7.0	0.0	5.0	6.0	2.0	3.0
gi|29340164|gb|AAO77958.1|	0.0	0.0	1.0	1.0	2.0	0.0	0.0	0.0	2.0	1.0	0.0	1.0	0.0	2.0	0.0	1.0	1.0	0.0	1.0	0.0	0.0	0.0
gi|29340261|gb|AAO78054.1|	0.0	0.0	3.0	0.0	1.0	0.0	0.0	1.0	0.0	1.0	0.0	2.0	1.0	1.0	0.0	1.0	0.0	0.0	0.0	0.0	0.0	0.0
gi|29340283|gb|AAO78076.1|	0.0	0.0	7.0	4.0	6.0	1.0	0.0	4.0	2.0	3.0	0.0	4.0	1.0	6.0	4.0	2.0	3.0	1.0	4.0	0.0	2.0	0.0
gi|29340395|gb|AAO78188.1|	0.0	0.0	4.0	3.0	3.0	2.0	1.0	1.0	3.0	4.0	1.0	4.0	1.0	3.0	1.0	2.0	2.0	1.0	3.0	1.0	0.0	0.0
gi|29340408|gb|AAO78200.1|	0.0	0.0	2.0	1.0	2.0	0.0	1.0	2.0	1.0	3.0	1.0	1.0	0.0	1.0	1.0	1.0	1.0	0.0	1.0	1.0	0.0	0.0
gi|29340444|gb|AAO78236.1|	0.0	0.0	2.0	4.0	4.0	2.0	0.0	4.0	7.0	4.0	3.0	4.0	0.0	7.0	1.0	5.0	4.0	2.0	4.0	1.0	0.0	2.0
gi|29340474|gb|AAO78266.1|	0.0	0.0	2.0	0.0	2.0	0.0	0.0	2.0	0.0	0.0	0.0	0.0	0.0	1.0	0.0	0.0	2.0	0.0	1.0	0.0	0.0	0.0
gi|29340639|gb|AAO78430.1|	0.0	0.0	9.0	4.0	1.0	1.0	3.0	4.0	4.0	3.0	2.0	3.0	2.0	3.0	2.0	2.0	4.0	0.0	4.0	0.0	1.0	1.0
gi|29340843|gb|AAO78633.1|	0.0	0.0	1.0	4.0	5.0	1.0	2.0	3.0	6.0	4.0	2.0	4.0	4.0	4.0	1.0	2.0	4.0	2.0	4.0	2.0	0.0	2.0
gi|29340846|gb|AAO78636.1|	0.0	0.0	1.0	3.0	2.0	0.0	0.0	2.0	0.0	1.0	1.0	1.0	0.0	1.0	0.0	0.0	1.0	0.0	1.0	0.0	0.0	0.0
gi|29340970|gb|AAO78760.1|	0.0	0.0	4.0	5.0	5.0	2.0	3.0	5.0	4.0	3.0	3.0	5.0	0.0	5.0	5.0	4.0	6.0	0.0	5.0	2.0	1.0	1.0
gi|29341089|gb|AAO78878.1|	0.0	0.0	5.0	6.0	5.0	0.0	2.0	4.0	4.0	7.0	3.0	4.0	2.0	2.0	3.0	2.0	7.0	0.0	8.0	2.0	0.0	3.0
gi|29341100|gb|AAO78889.1|	0.0	0.0	1.0	1.0	1.0	0.0	0.0	2.0	0.0	1.0	1.0	1.0	0.0	0.0	0.0	1.0	2.0	0.0	1.0	1.0	0.0	0.0
gi|29341174|gb|AAO78963.1|	0.0	1.0	5.0	3.0	4.0	1.0	0.0	3.0	2.0	1.0	1.0	8.0	1.0	3.0	1.0	2.0	6.0	0.0	4.0	1.0	0.0	0.0
gi|29341279|gb|AAO79067.1|	0.0	0.0	1.0	8.0	5.0	0.0	2.0	6.0	4.0	5.0	4.0	5.0	3.0	8.0	4.0	7.0	6.0	0.0	6.0	2.0	2.0	1.0
gi|29341280|gb|AAO79068.1|	0.0	0.0	6.0	8.0	6.0	2.0	7.0	4.0	6.0	6.0	5.0	8.0	3.0	5.0	4.0	6.0	8.0	2.0	6.0	4.0	2.0	2.0
gi|29341282|gb|AAO79070.1|	0.0	0.0	5.0	3.0	6.0	0.0	6.0	5.0	8.0	7.0	2.0	5.0	1.0	6.0	2.0	2.0	6.0	0.0	3.0	3.0	0.0	5.0
gi|29341304|gb|AAO79092.1|	0.0	0.0	2.0	3.0	4.0	0.0	1.0	3.0	4.0	6.0	3.0	1.0	0.0	4.0	4.0	3.0	7.0	0.0	3.0	0.0	0.0	1.0
gi|29341307|gb|AAO79095.1|	0.0	0.0	8.0	15.0	8.0	1.0	3.0	7.0	3.0	7.0	3.0	15.0	5.0	8.0	7.0	3.0	9.0	2.0	4.0	3.0	2.0	7.0
gi|29341308|gb|AAO79096.1|	0.0	0.0	13.0	15.0	11.0	4.0	7.0	7.0	11.0	8.0	4.0	18.0	4.0	11.0	10.0	8.0	16.0	6.0	8.0	5.0	4.0	4.0
gi|29341311|gb|AAO79099.1|	0.0	0.0	9.0	12.0	8.0	3.0	8.0	11.0	9.0	8.0	4.0	14.0	5.0	9.0	8.0	6.0	9.0	6.0	7.0	5.0	5.0	5.0
gi|29341390|gb|AAO79178.1|	0.0	0.0	3.0	8.0	5.0	1.0	5.0	5.0	7.0	2.0	3.0	5.0	0.0	3.0	5.0	5.0	6.0	0.0	6.0	2.0	0.0	2.0
gi|29341409|gb|AAO79197.1|	0.0	0.0	3.0	6.0	2.0	1.0	2.0	4.0	5.0	2.0	4.0	1.0	0.0	5.0	4.0	1.0	4.0	0.0	5.0	1.0	0.0	0.0
gi|29341410|gb|AAO79198.1|	0.0	0.0	4.0	7.0	3.0	0.0	0.0	5.0	5.0	2.0	4.0	1.0	1.0	4.0	2.0	1.0	3.0	0.0	4.0	3.0	0.0	1.0
gi|29341569|gb|AAO79356.1|	0.0	0.0	5.0	3.0	3.0	0.0	0.0	1.0	2.0	2.0	1.0	3.0	0.0	1.0	1.0	0.0	1.0	0.0	4.0	0.0	0.0	0.0
gi|29341714|gb|AAO79500.1|	0.0	0.0	8.0	8.0	7.0	4.0	4.0	6.0	6.0	6.0	3.0	11.0	6.0	7.0	5.0	4.0	7.0	1.0	9.0	2.0	2.0	1.0
gi|29341995|gb|AAO79780.1|	0.0	0.0	2.0	3.0	3.0	1.0	0.0	2.0	2.0	1.0	3.0	2.0	0.0	2.0	0.0	0.0	3.0	0.0	3.0	1.0	0.0	1.0
gi|294337897|emb|CBJ55484.1|	0.0	0.0	5.0	9.0	10.0	2.0	1.0	5.0	5.0	3.0	4.0	8.0	1.0	2.0	8.0	9.0	3.0	1.0	6.0	3.0	6.0	1.0
gi|294337899|emb|CBJ55485.1|	0.0	0.0	0.0	1.0	1.0	1.0	1.0	3.0	0.0	1.0	3.0	2.0	1.0	1.0	1.0	3.0	1.0	0.0	2.0	1.0	0.0	1.0
gi|294874572|gb|ADF47156.1|	0.0	0.0	0.0	0.0	0.0	0.0	0.0	0.0	0.0	0.0	0.0	0.0	0.0	0.0	0.0	1.0	1.0	0.0	1.0	0.0	0.0	0.0
gi|2952030|gb|AAC05445.1|	0.0	0.0	1.0	1.0	2.0	3.0	0.0	1.0	0.0	0.0	1.0	0.0	0.0	1.0	0.0	0.0	0.0	0.0	1.0	0.0	1.0	1.0
gi|29604684|dbj|BAC68753.1|	0.0	0.0	0.0	0.0	0.0	2.0	0.0	0.0	1.0	0.0	2.0	0.0	0.0	0.0	0.0	1.0	0.0	0.0	0.0	0.0	0.0	0.0
gi|296060720|emb|CBH32823.1|	0.0	0.0	0.0	0.0	1.0	0.0	0.0	0.0	1.0	0.0	1.0	0.0	1.0	0.0	0.0	0.0	1.0	0.0	1.0	0.0	0.0	0.0
gi|296692|emb|CAA48630.1|	0.0	0.0	0.0	0.0	1.0	0.0	0.0	0.0	0.0	0.0	0.0	0.0	0.0	0.0	0.0	0.0	0.0	0.0	0.0	0.0	0.0	0.0
gi|296763|emb|CAA39321.1|	0.0	0.0	0.0	0.0	0.0	1.0	0.0	0.0	0.0	0.0	0.0	0.0	0.0	0.0	0.0	0.0	0.0	0.0	0.0	0.0	0.0	0.0
gi|298239724|gb|ADI70667.1|	0.0	0.0	0.0	0.0	2.0	0.0	0.0	3.0	1.0	0.0	0.0	0.0	0.0	1.0	0.0	0.0	0.0	0.0	1.0	0.0	2.0	0.0
gi|298239738|gb|ADI70674.1|	0.0	0.0	0.0	3.0	5.0	0.0	3.0	3.0	5.0	3.0	4.0	5.0	1.0	5.0	5.0	3.0	2.0	2.0	3.0	2.0	2.0	2.0
gi|298239750|gb|ADI70680.1|	0.0	0.0	0.0	0.0	1.0	0.0	1.0	3.0	0.0	0.0	0.0	0.0	0.0	1.0	0.0	1.0	0.0	0.0	1.0	0.0	1.0	0.0
gi|2983239|gb|AAC06835.1|	0.0	0.0	1.0	0.0	1.0	1.0	0.0	0.0	1.0	0.0	0.0	0.0	0.0	0.0	0.0	0.0	0.0	0.0	2.0	0.0	0.0	0.0
gi|2983304|gb|AAC06895.1|	0.0	0.0	0.0	0.0	0.0	1.0	0.0	0.0	0.0	0.0	0.0	0.0	0.0	0.0	0.0	0.0	0.0	0.0	0.0	0.0	0.0	2.0
gi|2983305|gb|AAC06896.1|	0.0	0.0	0.0	1.0	2.0	0.0	0.0	1.0	2.0	1.0	1.0	1.0	0.0	1.0	1.0	0.0	0.0	0.0	1.0	1.0	1.0	0.0
gi|2983306|gb|AAC06897.1|	0.0	0.0	0.0	1.0	0.0	0.0	0.0	0.0	0.0	0.0	1.0	0.0	0.0	0.0	0.0	0.0	0.0	0.0	0.0	0.0	0.0	0.0
gi|2988379|dbj|BAA25316.1|	0.0	0.0	0.0	0.0	1.0	1.0	0.0	0.0	0.0	0.0	0.0	0.0	0.0	0.0	0.0	0.0	0.0	0.0	0.0	1.0	0.0	0.0
gi|299776170|gb|EFI72736.1|	0.0	0.0	0.0	0.0	0.0	0.0	0.0	1.0	0.0	0.0	0.0	0.0	0.0	1.0	0.0	0.0	0.0	0.0	1.0	0.0	1.0	0.0
gi|299776171|gb|EFI72737.1|	0.0	0.0	4.0	2.0	5.0	1.0	2.0	4.0	2.0	4.0	3.0	3.0	1.0	4.0	2.0	3.0	3.0	1.0	4.0	2.0	2.0	1.0
gi|30026304|gb|AAO84266.1|	0.0	0.0	0.0	0.0	0.0	0.0	0.0	0.0	0.0	0.0	1.0	0.0	0.0	0.0	0.0	0.0	0.0	0.0	0.0	0.0	0.0	0.0
gi|3005595|gb|AAC09325.1|	0.0	0.0	0.0	0.0	1.0	1.0	0.0	0.0	0.0	0.0	0.0	0.0	1.0	0.0	0.0	0.0	0.0	0.0	0.0	0.0	0.0	0.0
gi|301072203|gb|ADK56057.1|	0.0	0.0	0.0	0.0	1.0	0.0	0.0	0.0	0.0	0.0	0.0	0.0	0.0	0.0	0.0	0.0	0.0	0.0	0.0	0.0	0.0	0.0
gi|301072204|gb|ADK56058.1|	0.0	0.0	0.0	0.0	0.0	0.0	0.0	1.0	0.0	0.0	0.0	0.0	0.0	0.0	0.0	0.0	0.0	0.0	0.0	0.0	0.0	0.0
gi|301072211|gb|ADK56065.1|	0.0	0.0	0.0	0.0	1.0	0.0	0.0	0.0	0.0	0.0	0.0	0.0	0.0	0.0	0.0	0.0	0.0	0.0	0.0	0.0	0.0	0.0
gi|302028446|gb|ADK91093.1|	0.0	0.0	2.0	2.0	2.0	0.0	0.0	3.0	2.0	1.0	2.0	4.0	1.0	2.0	0.0	2.0	2.0	1.0	1.0	1.0	1.0	0.0
gi|3023168|gb|AAC35010.1|	0.0	0.0	0.0	0.0	1.0	0.0	0.0	0.0	0.0	0.0	0.0	0.0	0.0	0.0	0.0	0.0	0.0	0.0	0.0	0.0	0.0	0.0
gi|302578302|gb|ADL52314.1|	0.0	0.0	0.0	0.0	0.0	1.0	0.0	0.0	0.0	0.0	0.0	0.0	0.0	0.0	0.0	0.0	0.0	0.0	0.0	0.0	0.0	1.0
gi|302746296|gb|ADL62736.1|	0.0	0.0	0.0	0.0	0.0	0.0	2.0	0.0	1.0	2.0	0.0	0.0	1.0	1.0	2.0	1.0	1.0	1.0	0.0	0.0	0.0	1.0
gi|303887|dbj|BAA32286.1|	0.0	0.0	1.0	1.0	0.0	0.0	0.0	0.0	0.0	0.0	0.0	0.0	0.0	1.0	0.0	0.0	0.0	0.0	0.0	0.0	0.0	0.0
gi|304982|gb|AAB03011.1|	0.0	0.0	0.0	1.0	0.0	2.0	0.0	2.0	1.0	0.0	1.0	1.0	0.0	0.0	0.0	0.0	1.0	0.0	0.0	1.0	1.0	0.0
gi|306527935|gb|ADM97865.1|	0.0	0.0	0.0	0.0	1.0	0.0	0.0	0.0	0.0	0.0	0.0	0.0	0.0	0.0	0.0	0.0	0.0	0.0	0.0	0.0	0.0	0.0
gi|306528163|gb|ADM98093.1|	0.0	0.0	0.0	0.0	1.0	1.0	0.0	0.0	1.0	0.0	0.0	0.0	1.0	0.0	0.0	0.0	0.0	0.0	0.0	0.0	0.0	0.0
gi|306528693|gb|ADM98623.1|	0.0	0.0	0.0	0.0	1.0	0.0	0.0	0.0	0.0	0.0	0.0	0.0	0.0	0.0	0.0	0.0	0.0	0.0	0.0	0.0	0.0	0.0
gi|306529469|gb|ADM99399.1|	0.0	0.0	0.0	1.0	4.0	0.0	0.0	0.0	0.0	0.0	0.0	0.0	0.0	0.0	0.0	0.0	0.0	0.0	1.0	0.0	0.0	0.0
gi|306529470|gb|ADM99400.1|	0.0	0.0	0.0	0.0	3.0	0.0	0.0	0.0	0.0	0.0	0.0	0.0	0.0	0.0	0.0	0.0	0.0	0.0	0.0	0.0	0.0	0.0
gi|30725044|dbj|BAC76622.1|	0.0	0.0	4.0	0.0	1.0	0.0	2.0	0.0	2.0	2.0	1.0	0.0	1.0	1.0	1.0	2.0	4.0	0.0	2.0	1.0	1.0	1.0
gi|307543577|gb|ADN44261.1|	0.0	0.0	0.0	1.0	1.0	0.0	0.0	0.0	0.0	0.0	0.0	0.0	0.0	1.0	0.0	0.0	0.0	0.0	0.0	0.0	0.0	0.0
gi|3088359|dbj|BAA25846.1|	0.0	0.0	1.0	2.0	0.0	1.0	2.0	0.0	0.0	0.0	1.0	1.0	0.0	1.0	0.0	1.0	0.0	0.0	0.0	0.0	0.0	0.0
gi|3089609|gb|AAC15073.1|	0.0	0.0	0.0	0.0	0.0	1.0	0.0	0.0	0.0	0.0	1.0	0.0	0.0	0.0	0.0	0.0	1.0	0.0	0.0	1.0	0.0	0.0
gi|3090434|dbj|BAA25878.1|	0.0	0.0	0.0	1.0	0.0	1.0	0.0	0.0	0.0	0.0	0.0	0.0	0.0	0.0	0.0	0.0	0.0	0.0	0.0	0.0	0.0	1.0
gi|309256|gb|AAA37696.1|	0.0	0.0	0.0	0.0	0.0	0.0	0.0	0.0	0.0	0.0	1.0	0.0	0.0	0.0	0.0	0.0	0.0	0.0	0.0	0.0	0.0	0.0
gi|312283563|dbj|BAJ34647.1|	0.0	0.0	0.0	0.0	0.0	0.0	0.0	3.0	0.0	0.0	0.0	0.0	0.0	0.0	0.0	0.0	1.0	0.0	1.0	0.0	0.0	0.0
gi|3128391|gb|AAC38456.1|	0.0	0.0	0.0	1.0	0.0	0.0	0.0	0.0	0.0	0.0	0.0	0.0	0.0	0.0	1.0	0.0	0.0	0.0	0.0	0.0	0.0	0.0
gi|3128393|gb|AAC38457.1|	0.0	0.0	0.0	0.0	0.0	0.0	0.0	1.0	1.0	0.0	1.0	1.0	0.0	1.0	0.0	0.0	0.0	0.0	0.0	0.0	0.0	0.0
gi|3157465|dbj|BAA28362.1|	0.0	0.0	0.0	0.0	0.0	0.0	0.0	0.0	0.0	0.0	0.0	0.0	0.0	0.0	0.0	0.0	0.0	0.0	1.0	0.0	0.0	0.0
gi|31690800|gb|AAP61563.1|	0.0	0.0	0.0	0.0	0.0	0.0	0.0	0.0	0.0	0.0	0.0	1.0	0.0	0.0	0.0	0.0	0.0	0.0	0.0	0.0	0.0	0.0
gi|31700532|gb|AAP64961.1|	0.0	0.0	0.0	0.0	0.0	0.0	0.0	0.0	0.0	0.0	0.0	0.0	0.0	0.0	0.0	0.0	1.0	0.0	1.0	1.0	0.0	1.0
gi|3172046|dbj|BAA28631.1|	0.0	0.0	0.0	0.0	0.0	1.0	0.0	1.0	1.0	1.0	2.0	1.0	0.0	0.0	2.0	0.0	0.0	0.0	1.0	0.0	1.0	1.0
gi|317373968|gb|ADV16404.1|	0.0	0.0	2.0	1.0	0.0	0.0	0.0	0.0	0.0	0.0	1.0	0.0	0.0	0.0	1.0	0.0	0.0	0.0	0.0	0.0	0.0	1.0
gi|317413835|dbj|BAJ61032.1|	0.0	0.0	3.0	1.0	0.0	0.0	3.0	2.0	1.0	2.0	0.0	1.0	0.0	5.0	1.0	2.0	0.0	0.0	1.0	1.0	0.0	1.0
gi|31745733|gb|AAP56348.1|	0.0	0.0	0.0	2.0	0.0	1.0	0.0	0.0	0.0	0.0	0.0	0.0	0.0	0.0	0.0	0.0	0.0	0.0	0.0	0.0	0.0	0.0
gi|31790488|emb|CAD56668.1|	0.0	0.0	0.0	0.0	0.0	0.0	0.0	0.0	1.0	0.0	0.0	0.0	1.0	0.0	0.0	0.0	0.0	0.0	0.0	1.0	0.0	0.0
gi|3184120|emb|CAB16926.1|	0.0	0.0	0.0	1.0	0.0	1.0	0.0	0.0	0.0	0.0	0.0	0.0	0.0	0.0	1.0	0.0	0.0	0.0	0.0	0.0	0.0	0.0
gi|32450770|gb|AAM93475.1|	0.0	0.0	0.0	0.0	0.0	0.0	0.0	0.0	0.0	1.0	0.0	0.0	0.0	0.0	0.0	0.0	0.0	0.0	0.0	0.0	0.0	0.0
gi|32492888|gb|AAP85534.1|	0.0	0.0	0.0	0.0	0.0	1.0	0.0	0.0	0.0	0.0	0.0	1.0	0.0	0.0	0.0	0.0	0.0	0.0	0.0	0.0	0.0	0.0
gi|3252898|gb|AAC24219.1|	0.0	0.0	2.0	0.0	4.0	1.0	2.0	1.0	3.0	2.0	1.0	4.0	1.0	1.0	2.0	1.0	5.0	2.0	1.0	0.0	0.0	0.0
gi|325504929|dbj|BAJ83606.1|	0.0	0.0	3.0	2.0	6.0	2.0	1.0	2.0	5.0	3.0	3.0	5.0	2.0	4.0	2.0	3.0	3.0	1.0	4.0	3.0	1.0	1.0
gi|325994940|emb|CBM41465.1|	0.0	0.0	0.0	0.0	0.0	0.0	1.0	0.0	0.0	0.0	0.0	0.0	0.0	1.0	0.0	0.0	1.0	0.0	0.0	0.0	0.0	0.0
gi|32709098|gb|AAP86765.1|	0.0	0.0	0.0	0.0	1.0	0.0	0.0	0.0	0.0	0.0	0.0	0.0	0.0	0.0	0.0	1.0	0.0	0.0	0.0	0.0	0.0	0.0
gi|33146441|dbj|BAC79549.1|	0.0	0.0	0.0	0.0	0.0	0.0	0.0	0.0	0.0	0.0	0.0	1.0	0.0	0.0	1.0	0.0	0.0	0.0	0.0	1.0	0.0	0.0
gi|3318593|dbj|BAA31576.1|	0.0	0.0	0.0	1.0	1.0	0.0	0.0	1.0	0.0	0.0	1.0	0.0	0.0	1.0	0.0	0.0	0.0	0.0	0.0	0.0	0.0	0.0
gi|33320077|gb|AAQ05801.1|AF478460_1	0.0	0.0	0.0	0.0	0.0	0.0	0.0	0.0	0.0	0.0	1.0	1.0	0.0	0.0	0.0	1.0	0.0	0.0	0.0	1.0	0.0	0.0
gi|33519212|gb|AAQ20920.1|	0.0	0.0	0.0	2.0	1.0	2.0	1.0	0.0	0.0	0.0	1.0	1.0	0.0	0.0	1.0	1.0	0.0	0.0	0.0	0.0	1.0	1.0
gi|33732869|gb|AAQ38005.1|	0.0	0.0	0.0	0.0	0.0	0.0	0.0	0.0	0.0	0.0	0.0	0.0	1.0	0.0	0.0	0.0	0.0	0.0	0.0	0.0	0.0	0.0
gi|3426176|dbj|BAA32403.1|	0.0	0.0	0.0	1.0	1.0	0.0	0.0	0.0	1.0	0.0	1.0	2.0	0.0	0.0	1.0	3.0	0.0	0.0	0.0	0.0	0.0	0.0
gi|34396228|gb|AAQ65295.1|	0.0	0.0	12.0	8.0	13.0	6.0	4.0	7.0	9.0	11.0	7.0	9.0	2.0	8.0	7.0	6.0	13.0	3.0	10.0	2.0	2.0	3.0
gi|34451973|gb|AAQ72464.1|	0.0	0.0	0.0	0.0	0.0	0.0	0.0	0.0	0.0	0.0	0.0	0.0	0.0	0.0	0.0	0.0	0.0	0.0	0.0	3.0	0.0	0.0
gi|34581788|gb|AAQ76046.1|	0.0	0.0	0.0	0.0	1.0	0.0	0.0	0.0	0.0	0.0	1.0	0.0	0.0	0.0	1.0	1.0	0.0	0.0	0.0	1.0	0.0	0.0
gi|34596475|gb|AAQ76839.1|	0.0	0.0	0.0	0.0	1.0	2.0	0.0	0.0	0.0	0.0	0.0	0.0	1.0	0.0	0.0	0.0	0.0	0.0	0.0	1.0	0.0	0.0
gi|34603380|gb|AAQ79758.1|	0.0	0.0	0.0	0.0	0.0	0.0	0.0	0.0	0.0	0.0	1.0	0.0	0.0	0.0	0.0	0.0	0.0	0.0	0.0	0.0	0.0	0.0
gi|34850829|dbj|BAC87867.1|	0.0	0.0	0.0	0.0	0.0	4.0	0.0	0.0	0.0	0.0	1.0	2.0	0.0	0.0	0.0	0.0	0.0	0.0	0.0	1.0	0.0	0.0
gi|35210488|dbj|BAC87940.1|	0.0	0.0	1.0	1.0	0.0	0.0	1.0	0.0	0.0	0.0	0.0	0.0	0.0	1.0	0.0	0.0	0.0	0.0	0.0	0.0	0.0	0.0
gi|35210490|dbj|BAC87941.1|	0.0	0.0	0.0	0.0	3.0	1.0	0.0	0.0	1.0	1.0	0.0	1.0	0.0	1.0	0.0	2.0	1.0	1.0	1.0	0.0	0.0	0.0
gi|3551474|dbj|BAA32990.1|	0.0	0.0	0.0	0.0	0.0	1.0	0.0	0.0	0.0	0.0	0.0	0.0	1.0	0.0	0.0	0.0	0.0	0.0	0.0	0.0	0.0	0.0
gi|3676081|emb|CAA09706.1|	0.0	0.0	0.0	0.0	2.0	0.0	0.0	0.0	0.0	0.0	0.0	0.0	0.0	0.0	0.0	0.0	0.0	0.0	0.0	0.0	0.0	0.0
gi|37183425|gb|AAQ89599.1|	0.0	0.0	0.0	1.0	0.0	2.0	0.0	0.0	0.0	0.0	1.0	1.0	0.0	1.0	0.0	0.0	0.0	0.0	0.0	0.0	0.0	0.0
gi|37222130|gb|AAP49324.1|	0.0	0.0	0.0	0.0	0.0	0.0	1.0	0.0	0.0	0.0	0.0	0.0	0.0	0.0	0.0	0.0	0.0	0.0	0.0	0.0	0.0	0.0
gi|37222196|gb|AAP70397.1|	0.0	0.0	0.0	1.0	0.0	2.0	1.0	0.0	0.0	1.0	2.0	1.0	0.0	0.0	1.0	0.0	1.0	0.0	1.0	0.0	0.0	2.0
gi|37362340|gb|AAQ91298.1|	0.0	0.0	2.0	2.0	3.0	1.0	1.0	2.0	2.0	2.0	3.0	3.0	0.0	2.0	2.0	2.0	3.0	0.0	3.0	1.0	0.0	0.0
gi|37703325|gb|AAR01217.1|	0.0	0.0	0.0	0.0	0.0	1.0	0.0	0.0	0.0	0.0	0.0	0.0	0.0	0.0	0.0	0.0	0.0	0.0	0.0	0.0	0.0	1.0
gi|37788269|gb|AAP45012.1|	0.0	0.0	0.0	0.0	0.0	0.0	0.0	0.0	0.0	0.0	0.0	0.0	0.0	0.0	1.0	0.0	0.0	0.0	0.0	0.0	0.0	0.0
gi|37857257|dbj|BAC99989.1|	0.0	0.0	0.0	0.0	0.0	0.0	0.0	2.0	0.0	0.0	0.0	0.0	0.0	0.0	0.0	0.0	0.0	0.0	0.0	0.0	0.0	0.0
gi|37903467|gb|AAP57083.1|	0.0	0.0	1.0	0.0	0.0	0.0	0.0	0.0	0.0	0.0	0.0	0.0	0.0	0.0	0.0	0.0	0.0	0.0	0.0	1.0	0.0	0.0
gi|37926580|gb|AAO67498.1|	0.0	0.0	0.0	2.0	1.0	2.0	0.0	0.0	1.0	0.0	2.0	1.0	0.0	1.0	1.0	1.0	0.0	0.0	0.0	1.0	0.0	0.0
gi|37926581|gb|AAO67499.1|	0.0	0.0	1.0	1.0	0.0	2.0	0.0	0.0	3.0	0.0	0.0	0.0	0.0	1.0	0.0	3.0	0.0	0.0	1.0	0.0	0.0	0.0
gi|3820531|gb|AAC69619.1|	0.0	0.0	0.0	0.0	0.0	1.0	0.0	0.0	0.0	0.0	0.0	0.0	0.0	0.0	0.0	0.0	0.0	0.0	0.0	0.0	0.0	0.0
gi|3821841|gb|AAC69676.1|	0.0	0.0	0.0	0.0	0.0	1.0	0.0	0.0	0.0	0.0	0.0	0.0	0.0	0.0	0.0	0.0	0.0	0.0	0.0	1.0	0.0	0.0
gi|385911|gb|AAB26620.1|	0.0	0.0	0.0	0.0	0.0	0.0	0.0	0.0	0.0	0.0	0.0	0.0	0.0	0.0	0.0	0.0	0.0	0.0	0.0	0.0	0.0	2.0
gi|393403|emb|CAA44454.1|	0.0	0.0	0.0	0.0	0.0	0.0	0.0	0.0	0.0	0.0	1.0	0.0	0.0	0.0	0.0	0.0	0.0	0.0	0.0	0.0	0.0	0.0
gi|3941372|gb|AAC99628.1|	0.0	0.0	0.0	2.0	1.0	2.0	0.0	0.0	4.0	2.0	1.0	2.0	0.0	2.0	1.0	3.0	1.0	1.0	2.0	1.0	0.0	1.0
gi|39473|emb|CAA35574.1|	0.0	0.0	0.0	1.0	0.0	0.0	0.0	0.0	0.0	0.0	0.0	0.0	0.0	0.0	0.0	0.0	0.0	0.0	0.0	0.0	0.0	0.0
gi|396083|emb|CAA80246.1|	0.0	0.0	1.0	0.0	0.0	0.0	0.0	1.0	0.0	0.0	1.0	0.0	0.0	1.0	0.0	0.0	0.0	0.0	0.0	0.0	0.0	0.0
gi|398125|dbj|BAA02473.1|	0.0	0.0	0.0	1.0	0.0	0.0	0.0	0.0	0.0	0.0	0.0	0.0	0.0	0.0	0.0	0.0	0.0	0.0	1.0	0.0	0.0	0.0
gi|3983575|dbj|BAA34817.1|	0.0	0.0	1.0	1.0	1.0	0.0	1.0	0.0	1.0	2.0	0.0	1.0	0.0	0.0	2.0	2.0	1.0	0.0	1.0	0.0	0.0	1.0
gi|40075410|gb|AAR39814.1|	0.0	0.0	0.0	0.0	0.0	1.0	0.0	0.0	0.0	0.0	0.0	0.0	0.0	0.0	0.0	0.0	0.0	0.0	0.0	0.0	0.0	1.0
gi|40089206|gb|AAR45540.1|	0.0	0.0	0.0	1.0	0.0	0.0	0.0	0.0	0.0	0.0	0.0	0.0	0.0	0.0	0.0	0.0	0.0	0.0	0.0	0.0	0.0	0.0
gi|40155146|gb|AAR65335.1|	0.0	0.0	0.0	1.0	0.0	2.0	0.0	0.0	0.0	0.0	0.0	0.0	0.0	0.0	0.0	0.0	0.0	0.0	0.0	0.0	0.0	2.0
gi|40155147|gb|AAR65336.1|	0.0	0.0	0.0	0.0	0.0	2.0	0.0	0.0	0.0	0.0	0.0	0.0	0.0	0.0	0.0	0.0	0.0	0.0	0.0	0.0	0.0	0.0
gi|404828|emb|CAA80424.1|	0.0	0.0	1.0	0.0	0.0	1.0	0.0	0.0	0.0	0.0	0.0	0.0	0.0	0.0	0.0	0.0	0.0	0.0	0.0	0.0	0.0	0.0
gi|405863|gb|AAA60495.1|	0.0	0.0	0.0	2.0	3.0	2.0	0.0	2.0	4.0	2.0	1.0	0.0	0.0	0.0	1.0	1.0	1.0	0.0	0.0	3.0	0.0	0.0
gi|4062846|dbj|BAA36161.1|	0.0	0.0	0.0	2.0	0.0	0.0	0.0	0.0	0.0	1.0	0.0	1.0	0.0	0.0	0.0	1.0	0.0	0.0	1.0	0.0	0.0	0.0
gi|40667|emb|CAA33665.1|	0.0	0.0	1.0	6.0	3.0	1.0	0.0	1.0	1.0	0.0	2.0	2.0	0.0	3.0	1.0	3.0	0.0	1.0	2.0	2.0	1.0	0.0
gi|40678|emb|CAA49187.1|	0.0	0.0	0.0	0.0	0.0	1.0	0.0	0.0	0.0	0.0	0.0	0.0	0.0	0.0	0.0	0.0	0.0	0.0	0.0	0.0	0.0	1.0
gi|40806810|gb|AAR92204.1|	0.0	0.0	0.0	0.0	0.0	0.0	0.0	0.0	0.0	0.0	0.0	0.0	0.0	1.0	0.0	0.0	1.0	0.0	0.0	0.0	0.0	0.0
gi|40850649|gb|AAR96046.1|	0.0	0.0	0.0	2.0	1.0	1.0	0.0	1.0	1.0	1.0	1.0	1.0	1.0	0.0	1.0	0.0	1.0	1.0	0.0	0.0	0.0	0.0
gi|4090603|gb|AAD05199.1|	0.0	0.0	0.0	0.0	0.0	2.0	0.0	0.0	1.0	0.0	0.0	0.0	0.0	0.0	0.0	2.0	0.0	0.0	0.0	0.0	0.0	0.0
gi|41176619|gb|AAR99599.1|	0.0	1.0	2.0	2.0	2.0	0.0	1.0	2.0	2.0	2.0	1.0	4.0	1.0	4.0	1.0	2.0	5.0	1.0	4.0	3.0	0.0	2.0
gi|41393807|gb|AAS02154.1|	0.0	0.0	0.0	0.0	0.0	0.0	0.0	0.0	0.0	0.0	0.0	0.0	0.0	0.0	0.0	0.0	0.0	0.0	1.0	0.0	0.0	0.0
gi|41411249|emb|CAE17325.1|	0.0	0.0	1.0	0.0	0.0	1.0	0.0	0.0	0.0	0.0	0.0	0.0	0.0	0.0	0.0	0.0	0.0	0.0	0.0	0.0	0.0	0.0
gi|419514|pir||A43802	0.0	0.0	0.0	0.0	0.0	2.0	0.0	0.0	0.0	0.0	0.0	0.0	0.0	0.0	0.0	0.0	0.0	0.0	0.0	0.0	0.0	2.0
gi|4204209|dbj|BAA74508.1|	0.0	0.0	0.0	0.0	0.0	0.0	0.0	0.0	0.0	1.0	0.0	0.0	0.0	0.0	0.0	0.0	0.0	0.0	0.0	0.0	0.0	0.0
gi|4204919|gb|AAD10851.1|	0.0	0.0	0.0	0.0	0.0	0.0	0.0	0.0	1.0	0.0	0.0	0.0	0.0	0.0	0.0	0.0	0.0	0.0	0.0	0.0	0.0	0.0
gi|42556011|gb|AAS19695.1|	0.0	0.0	0.0	1.0	1.0	1.0	0.0	0.0	1.0	1.0	0.0	1.0	0.0	1.0	1.0	1.0	1.0	0.0	1.0	0.0	0.0	0.0
gi|42556012|gb|AAS19696.1|	0.0	0.0	1.0	0.0	0.0	1.0	0.0	1.0	2.0	0.0	1.0	3.0	0.0	2.0	2.0	2.0	2.0	0.0	1.0	2.0	0.0	0.0
gi|4335686|gb|AAD17382.1|	0.0	0.0	0.0	0.0	0.0	0.0	0.0	0.0	0.0	0.0	0.0	0.0	1.0	0.0	0.0	0.0	0.0	0.0	0.0	0.0	0.0	0.0
gi|4376759|gb|AAD18615.1|	0.0	0.0	0.0	1.0	1.0	0.0	0.0	1.0	1.0	0.0	0.0	0.0	0.0	1.0	1.0	0.0	0.0	0.0	0.0	0.0	0.0	0.0
gi|438455|gb|AAA64351.1|	0.0	0.0	0.0	0.0	1.0	1.0	0.0	1.0	1.0	0.0	1.0	1.0	1.0	1.0	0.0	0.0	1.0	2.0	0.0	1.0	0.0	0.0
gi|43934|emb|CAA40659.1|	0.0	0.0	0.0	0.0	3.0	0.0	0.0	0.0	0.0	0.0	0.0	0.0	0.0	0.0	0.0	0.0	0.0	0.0	0.0	0.0	0.0	0.0
gi|439852|gb|AAA61708.1|	0.0	0.0	0.0	0.0	0.0	1.0	0.0	0.0	1.0	0.0	0.0	0.0	0.0	0.0	0.0	1.0	0.0	0.0	0.0	0.0	0.0	0.0
gi|44908242|emb|CAF32990.1|	0.0	0.0	0.0	0.0	0.0	0.0	0.0	0.0	0.0	0.0	0.0	0.0	0.0	0.0	0.0	0.0	0.0	0.0	1.0	0.0	0.0	0.0
gi|450849|gb|AAA97431.1|	0.0	0.0	2.0	0.0	1.0	2.0	0.0	1.0	1.0	0.0	0.0	1.0	2.0	1.0	1.0	0.0	1.0	1.0	2.0	0.0	0.0	0.0
gi|450852|gb|AAB08023.1|	0.0	0.0	2.0	2.0	2.0	0.0	1.0	1.0	3.0	3.0	2.0	2.0	1.0	3.0	2.0	3.0	2.0	0.0	1.0	2.0	1.0	1.0
gi|450853|gb|AAB08024.1|	0.0	0.0	3.0	2.0	4.0	0.0	3.0	3.0	6.0	3.0	3.0	2.0	1.0	6.0	4.0	4.0	3.0	0.0	3.0	2.0	2.0	1.0
gi|45219920|dbj|BAD12237.1|	0.0	0.0	0.0	0.0	0.0	0.0	0.0	0.0	0.0	0.0	0.0	1.0	0.0	0.0	0.0	1.0	0.0	0.0	0.0	1.0	0.0	0.0
gi|45436152|gb|AAS61708.1|	0.0	0.0	0.0	0.0	1.0	0.0	0.0	0.0	0.0	0.0	0.0	0.0	0.0	0.0	0.0	0.0	0.0	0.0	0.0	0.0	0.0	0.0
gi|4567098|gb|AAD23585.1|AF130985_1	0.0	0.0	1.0	0.0	0.0	0.0	0.0	0.0	1.0	0.0	0.0	0.0	0.0	1.0	0.0	0.0	1.0	0.0	0.0	0.0	0.0	0.0
gi|4572568|emb|CAB40078.1|	0.0	0.0	0.0	0.0	0.0	0.0	0.0	0.0	0.0	0.0	0.0	0.0	0.0	0.0	1.0	1.0	0.0	0.0	0.0	0.0	0.0	0.0
gi|457801|emb|CAA36207.1|	0.0	0.0	0.0	0.0	0.0	2.0	0.0	0.0	0.0	0.0	0.0	0.0	0.0	0.0	0.0	0.0	0.0	0.0	0.0	0.0	0.0	0.0
gi|4585357|gb|AAD25394.1|	0.0	0.0	0.0	0.0	1.0	0.0	1.0	0.0	0.0	1.0	0.0	0.0	0.0	0.0	1.0	0.0	1.0	0.0	0.0	0.0	0.0	0.0
gi|4586418|dbj|BAA76396.1|	0.0	0.0	1.0	2.0	1.0	2.0	2.0	3.0	1.0	2.0	3.0	2.0	0.0	2.0	1.0	3.0	3.0	0.0	2.0	2.0	0.0	0.0
gi|4589389|dbj|BAA76741.1|	0.0	0.0	1.0	1.0	3.0	0.0	0.0	2.0	1.0	1.0	1.0	2.0	0.0	2.0	1.0	0.0	3.0	0.0	3.0	1.0	1.0	0.0
gi|45966|emb|CAA38693.1|	0.0	0.0	0.0	0.0	0.0	0.0	0.0	0.0	0.0	0.0	0.0	0.0	0.0	0.0	0.0	0.0	0.0	0.0	0.0	0.0	0.0	1.0
gi|45968|emb|CAA33461.1|	0.0	0.0	2.0	7.0	1.0	5.0	0.0	2.0	1.0	1.0	2.0	1.0	0.0	2.0	3.0	4.0	0.0	0.0	1.0	0.0	0.0	1.0
gi|466656|gb|AAB18495.1|	0.0	0.0	0.0	1.0	2.0	3.0	0.0	1.0	0.0	0.0	0.0	0.0	1.0	0.0	0.0	0.0	0.0	0.0	0.0	1.0	0.0	0.0
gi|466669|gb|AAB18508.1|	0.0	0.0	0.0	0.0	0.0	0.0	0.0	0.0	1.0	0.0	0.0	0.0	2.0	0.0	0.0	0.0	0.0	0.0	0.0	1.0	0.0	0.0
gi|466671|gb|AAB18510.1|	0.0	0.0	0.0	0.0	1.0	1.0	0.0	4.0	0.0	0.0	1.0	0.0	1.0	0.0	0.0	0.0	0.0	0.0	0.0	1.0	1.0	0.0
gi|466709|gb|AAB18548.1|	0.0	0.0	0.0	0.0	0.0	1.0	0.0	0.0	2.0	0.0	0.0	0.0	1.0	0.0	0.0	0.0	0.0	0.0	0.0	1.0	0.0	0.0
gi|466758|gb|AAB18597.1|	0.0	0.0	0.0	0.0	1.0	1.0	0.0	1.0	2.0	0.0	1.0	0.0	1.0	0.0	0.0	0.0	0.0	0.0	0.0	1.0	0.0	0.0
gi|466759|gb|AAB18598.1|	0.0	0.0	0.0	0.0	1.0	1.0	0.0	1.0	1.0	0.0	0.0	0.0	1.0	0.0	0.0	0.0	0.0	0.0	0.0	0.0	0.0	0.0
gi|4689100|gb|AAD27759.1|AF073178_1	0.0	0.0	0.0	0.0	1.0	1.0	0.0	0.0	0.0	0.0	0.0	0.0	0.0	0.0	0.0	0.0	0.0	0.0	1.0	1.0	0.0	1.0
gi|4704714|gb|AAD28227.1|AF121254_9	0.0	0.0	0.0	0.0	1.0	0.0	0.0	0.0	0.0	0.0	1.0	0.0	0.0	0.0	0.0	1.0	0.0	0.0	0.0	0.0	0.0	0.0
gi|47077341|dbj|BAD18845.1|	0.0	0.0	0.0	0.0	1.0	0.0	0.0	0.0	0.0	1.0	0.0	0.0	0.0	0.0	0.0	0.0	0.0	0.0	0.0	0.0	0.0	1.0
gi|47238009|gb|AAT15258.1|	0.0	0.0	0.0	0.0	1.0	0.0	0.0	0.0	0.0	0.0	1.0	0.0	0.0	0.0	0.0	0.0	0.0	0.0	0.0	0.0	0.0	0.0
gi|473272|gb|AAA50597.1|	0.0	0.0	4.0	1.0	5.0	1.0	2.0	4.0	3.0	1.0	4.0	7.0	1.0	2.0	4.0	4.0	7.0	1.0	1.0	3.0	0.0	0.0
gi|474177|emb|CAA55409.1|	0.0	0.0	0.0	0.0	0.0	0.0	0.0	0.0	0.0	0.0	1.0	0.0	0.0	0.0	0.0	0.0	0.0	0.0	0.0	0.0	0.0	0.0
gi|47607483|gb|AAT36643.1|	0.0	0.0	1.0	2.0	3.0	2.0	0.0	3.0	4.0	1.0	1.0	4.0	1.0	3.0	1.0	2.0	2.0	1.0	1.0	1.0	0.0	0.0
gi|47716661|gb|AAT37531.1|	0.0	0.0	0.0	0.0	0.0	0.0	0.0	0.0	0.0	0.0	0.0	0.0	0.0	0.0	0.0	0.0	0.0	0.0	0.0	0.0	0.0	1.0
gi|47717086|gb|AAT37673.1|	0.0	0.0	1.0	1.0	0.0	0.0	0.0	0.0	0.0	0.0	0.0	0.0	0.0	0.0	0.0	0.0	0.0	0.0	0.0	0.0	0.0	0.0
gi|4836167|gb|AAD30363.1|AF078739_1	0.0	0.0	0.0	0.0	0.0	0.0	0.0	0.0	1.0	0.0	0.0	0.0	0.0	0.0	0.0	1.0	0.0	0.0	0.0	0.0	0.0	0.0
gi|4836215|gb|AAD30387.1|AF096862_1	0.0	0.0	0.0	0.0	0.0	0.0	0.0	0.0	0.0	0.0	0.0	0.0	0.0	0.0	0.0	1.0	0.0	0.0	0.0	0.0	0.0	0.0
gi|48727578|gb|AAT46092.1|	0.0	0.0	0.0	0.0	0.0	0.0	1.0	0.0	0.0	0.0	0.0	0.0	0.0	0.0	0.0	0.0	0.0	0.0	0.0	0.0	0.0	0.0
gi|48963|emb|CAA43712.1|	0.0	0.0	0.0	0.0	0.0	0.0	0.0	1.0	0.0	0.0	0.0	0.0	0.0	0.0	0.0	0.0	0.0	0.0	1.0	0.0	0.0	0.0
gi|49180333|gb|AAT55709.1|	0.0	0.0	0.0	0.0	0.0	0.0	0.0	0.0	0.0	1.0	0.0	0.0	0.0	0.0	0.0	0.0	0.0	0.0	0.0	0.0	0.0	1.0
gi|4929175|gb|AAD33889.1|	0.0	0.0	0.0	0.0	0.0	0.0	0.0	0.0	0.0	0.0	0.0	0.0	0.0	0.0	0.0	1.0	0.0	0.0	0.0	0.0	0.0	0.0
gi|493182|gb|AAA25570.1|	0.0	0.0	1.0	2.0	0.0	2.0	0.0	0.0	1.0	1.0	2.0	1.0	0.0	0.0	1.0	1.0	1.0	0.0	0.0	1.0	1.0	1.0
gi|493227|dbj|BAA06424.1|	0.0	0.0	0.0	0.0	1.0	0.0	0.0	0.0	0.0	0.0	0.0	0.0	0.0	0.0	0.0	0.0	0.0	0.0	0.0	0.0	0.0	0.0
gi|49425363|gb|AAT66046.1|	0.0	0.0	0.0	0.0	0.0	2.0	0.0	0.0	0.0	0.0	0.0	0.0	0.0	0.0	0.0	0.0	0.0	0.0	0.0	0.0	0.0	0.0
gi|496946|emb|CAA83995.1|	0.0	0.0	0.0	1.0	0.0	3.0	0.0	1.0	0.0	0.0	4.0	1.0	0.0	1.0	0.0	1.0	0.0	0.0	0.0	2.0	0.0	0.0
gi|4980779|gb|AAD35369.1|AE001710_4	0.0	0.0	0.0	0.0	0.0	0.0	0.0	0.0	0.0	0.0	0.0	0.0	0.0	0.0	0.0	0.0	0.0	0.0	1.0	0.0	0.0	0.0
gi|4980944|gb|AAD35522.1|AE001722_6	0.0	0.0	1.0	1.0	2.0	0.0	1.0	1.0	2.0	2.0	1.0	1.0	0.0	1.0	1.0	2.0	1.0	1.0	0.0	0.0	0.0	1.0
gi|4981753|gb|AAD36276.1|AE001777_2	0.0	0.0	0.0	0.0	0.0	2.0	0.0	0.0	1.0	0.0	1.0	1.0	0.0	1.0	1.0	2.0	1.0	0.0	0.0	1.0	0.0	0.0
gi|4982224|gb|AAD36717.1|AE001807_8	0.0	0.0	0.0	0.0	0.0	0.0	0.0	0.0	0.0	1.0	0.0	0.0	0.0	0.0	0.0	0.0	1.0	0.0	0.0	0.0	0.0	0.0
gi|4982435|gb|AAD36913.1|AE001822_6	0.0	0.0	0.0	0.0	0.0	0.0	0.0	0.0	0.0	0.0	2.0	0.0	0.0	1.0	0.0	1.0	0.0	0.0	1.0	0.0	1.0	0.0
gi|5006983|gb|AAD37764.1|AF146532_4	0.0	0.0	0.0	0.0	2.0	0.0	0.0	0.0	0.0	0.0	0.0	0.0	0.0	0.0	0.0	0.0	0.0	0.0	0.0	0.0	0.0	0.0
gi|5006988|gb|AAD37769.1|AF146532_9	0.0	0.0	0.0	0.0	1.0	0.0	0.0	0.0	0.0	0.0	0.0	0.0	0.0	0.0	0.0	0.0	0.0	0.0	0.0	0.0	0.0	0.0
gi|5006989|gb|AAD37770.1|AF146532_10	0.0	0.0	0.0	0.0	1.0	0.0	0.0	0.0	1.0	0.0	0.0	0.0	0.0	0.0	0.0	0.0	0.0	0.0	0.0	1.0	0.0	0.0
gi|5006991|gb|AAD37772.1|AF146532_12	0.0	0.0	0.0	0.0	1.0	0.0	0.0	0.0	0.0	0.0	0.0	0.0	0.0	0.0	0.0	0.0	0.0	0.0	0.0	0.0	0.0	0.0
gi|5019289|emb|CAB44428.1|	0.0	0.0	0.0	0.0	0.0	0.0	0.0	0.0	0.0	0.0	0.0	0.0	0.0	0.0	0.0	0.0	0.0	0.0	2.0	0.0	0.0	0.0
gi|505577|emb|CAA84287.1|	0.0	0.0	1.0	1.0	0.0	0.0	0.0	0.0	1.0	0.0	1.0	0.0	0.0	0.0	0.0	1.0	0.0	0.0	0.0	0.0	2.0	2.0
gi|506381|gb|AAA22660.1|	0.0	0.0	0.0	1.0	1.0	0.0	0.0	0.0	0.0	0.0	1.0	0.0	0.0	0.0	0.0	0.0	0.0	0.0	0.0	0.0	0.0	0.0
gi|50978533|dbj|BAD34979.1|	0.0	0.0	0.0	0.0	0.0	1.0	0.0	0.0	1.0	0.0	0.0	0.0	0.0	0.0	0.0	0.0	0.0	0.0	0.0	0.0	0.0	0.0
gi|51339205|gb|AAR24113.1|	0.0	0.0	0.0	0.0	0.0	0.0	0.0	0.0	0.0	0.0	0.0	0.0	0.0	0.0	0.0	0.0	0.0	0.0	1.0	0.0	0.0	0.0
gi|515668|gb|AAA91967.1|	0.0	0.0	0.0	2.0	4.0	1.0	0.0	1.0	2.0	2.0	3.0	2.0	0.0	2.0	4.0	4.0	2.0	0.0	2.0	1.0	0.0	0.0
gi|51855127|dbj|BAD39285.1|	0.0	0.0	1.0	2.0	6.0	3.0	2.0	2.0	6.0	4.0	2.0	5.0	1.0	3.0	4.0	4.0	7.0	1.0	5.0	1.0	0.0	1.0
gi|52307016|gb|AAU37516.1|	0.0	0.0	0.0	0.0	0.0	0.0	0.0	1.0	0.0	0.0	0.0	0.0	0.0	0.0	0.0	0.0	0.0	0.0	0.0	0.0	0.0	0.0
gi|5359712|gb|AAD42775.1|AF126472_1	0.0	0.0	0.0	0.0	0.0	0.0	0.0	0.0	0.0	0.0	0.0	0.0	0.0	0.0	1.0	0.0	0.0	0.0	0.0	0.0	0.0	0.0
gi|53830047|gb|AAU94931.1|	0.0	0.0	1.0	0.0	1.0	3.0	0.0	1.0	3.0	2.0	4.0	4.0	1.0	0.0	1.0	2.0	4.0	0.0	3.0	1.0	0.0	0.0
gi|53920750|gb|AAU97746.1|	0.0	0.0	0.0	0.0	2.0	0.0	0.0	0.0	0.0	0.0	0.0	0.0	0.0	0.0	0.0	0.0	0.0	0.0	0.0	0.0	0.0	0.0
gi|53923571|gb|AAU99028.1|	0.0	0.0	0.0	0.0	0.0	0.0	0.0	0.0	0.0	0.0	0.0	0.0	0.0	0.0	0.0	0.0	0.0	0.0	1.0	0.0	0.0	0.0
gi|5459016|emb|CAB50502.1|	0.0	0.0	0.0	1.0	0.0	0.0	0.0	0.0	0.0	0.0	0.0	0.0	0.0	0.0	0.0	0.0	0.0	0.0	0.0	1.0	0.0	1.0
gi|557192|gb|AAC98416.1|	0.0	0.0	0.0	0.0	2.0	0.0	0.0	0.0	0.0	0.0	0.0	0.0	0.0	0.0	0.0	0.0	0.0	0.0	0.0	0.0	0.0	0.0
gi|55740222|gb|AAV63798.1|	0.0	0.0	0.0	0.0	1.0	0.0	0.0	1.0	1.0	0.0	1.0	1.0	0.0	1.0	0.0	1.0	1.0	0.0	1.0	0.0	0.0	0.0
gi|557475|gb|AAA50393.1|	0.0	0.0	6.0	8.0	6.0	2.0	5.0	8.0	5.0	7.0	3.0	7.0	3.0	7.0	6.0	5.0	6.0	2.0	7.0	3.0	3.0	2.0
gi|5639669|gb|AAD45868.1|AF100549_1	0.0	0.0	0.0	0.0	0.0	0.0	1.0	0.0	0.0	0.0	0.0	0.0	0.0	0.0	0.0	0.0	0.0	0.0	0.0	0.0	0.0	0.0
gi|56474963|gb|AAV91790.1|	0.0	0.0	0.0	0.0	0.0	0.0	0.0	0.0	0.0	0.0	1.0	0.0	0.0	0.0	0.0	0.0	0.0	0.0	0.0	0.0	0.0	0.0
gi|56676015|dbj|BAD80751.1|	0.0	0.0	0.0	0.0	0.0	0.0	0.0	0.0	0.0	0.0	0.0	0.0	0.0	0.0	1.0	0.0	0.0	0.0	0.0	0.0	0.0	0.0
gi|56676017|dbj|BAD80752.1|	0.0	0.0	0.0	0.0	0.0	0.0	0.0	0.0	0.0	0.0	0.0	0.0	0.0	0.0	0.0	0.0	0.0	0.0	2.0	0.0	0.0	0.0
gi|56709936|dbj|BAD80892.1|	0.0	0.0	2.0	2.0	1.0	0.0	2.0	1.0	1.0	0.0	0.0	0.0	1.0	3.0	2.0	0.0	0.0	2.0	2.0	0.0	1.0	0.0
gi|5690244|gb|AAD46996.1|AF131891_1	0.0	0.0	0.0	0.0	0.0	0.0	0.0	0.0	0.0	0.0	0.0	0.0	0.0	1.0	0.0	0.0	0.0	0.0	0.0	0.0	0.0	0.0
gi|57013394|gb|AAW32491.1|	0.0	0.0	0.0	0.0	0.0	1.0	0.0	0.0	0.0	0.0	1.0	0.0	0.0	0.0	1.0	0.0	0.0	0.0	0.0	1.0	0.0	0.0
gi|5725214|emb|CAB52403.1|	0.0	0.0	0.0	0.0	0.0	0.0	0.0	0.0	0.0	0.0	0.0	0.0	0.0	0.0	0.0	0.0	0.0	0.0	0.0	0.0	0.0	1.0
gi|5763989|emb|CAB53341.1|	0.0	0.0	0.0	0.0	0.0	0.0	0.0	1.0	1.0	0.0	2.0	1.0	0.0	0.0	0.0	1.0	1.0	0.0	1.0	1.0	0.0	0.0
gi|580756|emb|CAA78440.1|	0.0	0.0	0.0	1.0	0.0	0.0	0.0	0.0	0.0	0.0	0.0	0.0	0.0	0.0	0.0	0.0	0.0	0.0	0.0	0.0	0.0	0.0
gi|580767|emb|CAA39264.1|	0.0	0.0	0.0	0.0	0.0	0.0	0.0	0.0	0.0	0.0	0.0	1.0	0.0	0.0	0.0	0.0	0.0	0.0	0.0	0.0	0.0	0.0
gi|580824|emb|CAA54266.1|	0.0	0.0	1.0	0.0	0.0	1.0	0.0	0.0	1.0	0.0	1.0	0.0	0.0	0.0	0.0	1.0	1.0	0.0	0.0	0.0	0.0	0.0
gi|58253920|gb|AAV42157.1|	0.0	0.0	1.0	0.0	0.0	0.0	0.0	0.0	0.0	0.0	1.0	0.0	0.0	2.0	0.0	0.0	0.0	0.0	0.0	0.0	0.0	0.0
gi|58254626|gb|AAV42863.1|	0.0	0.0	0.0	0.0	0.0	0.0	0.0	1.0	0.0	0.0	0.0	0.0	0.0	0.0	0.0	0.0	0.0	0.0	0.0	0.0	0.0	0.0
gi|58255056|gb|AAV43293.1|	0.0	0.0	2.0	0.0	0.0	0.0	0.0	0.0	0.0	0.0	0.0	0.0	0.0	0.0	0.0	1.0	0.0	0.0	2.0	0.0	0.0	0.0
gi|5834405|gb|AAD53957.1|AF181035_1	0.0	0.0	0.0	0.0	0.0	1.0	0.0	2.0	2.0	1.0	1.0	0.0	0.0	0.0	0.0	0.0	0.0	0.0	1.0	0.0	0.0	2.0
gi|5869507|dbj|BAA84216.1|	0.0	0.0	0.0	0.0	0.0	0.0	2.0	0.0	3.0	0.0	0.0	1.0	0.0	0.0	1.0	2.0	0.0	0.0	0.0	0.0	0.0	1.0
gi|59719251|gb|AAW90656.1|	0.0	0.0	0.0	0.0	1.0	1.0	0.0	0.0	0.0	0.0	0.0	0.0	0.0	0.0	0.0	0.0	0.0	0.0	0.0	0.0	0.0	0.0
gi|5972486|gb|AAE12377.1|	0.0	0.0	0.0	0.0	0.0	0.0	1.0	0.0	0.0	0.0	0.0	0.0	0.0	0.0	0.0	0.0	0.0	0.0	0.0	0.0	0.0	0.0
gi|59792981|gb|AAX06612.1|	0.0	0.0	0.0	0.0	1.0	0.0	0.0	0.0	0.0	0.0	0.0	0.0	0.0	0.0	0.0	0.0	0.0	0.0	1.0	0.0	0.0	0.0
gi|59800136|gb|AAX07421.1|	0.0	0.0	0.0	0.0	0.0	0.0	0.0	0.0	2.0	0.0	0.0	1.0	0.0	1.0	0.0	0.0	1.0	0.0	0.0	0.0	0.0	0.0
gi|598094|gb|AAB84229.1|	1.0	0.0	4.0	3.0	0.0	5.0	1.0	3.0	3.0	1.0	3.0	4.0	0.0	5.0	2.0	1.0	1.0	0.0	1.0	0.0	1.0	3.0
gi|598470|dbj|BAA07750.1|	0.0	0.0	0.0	0.0	1.0	0.0	0.0	0.0	0.0	0.0	0.0	0.0	0.0	0.0	0.0	0.0	0.0	0.0	0.0	0.0	0.0	0.0
gi|598471|dbj|BAA07751.1|	0.0	0.0	0.0	0.0	2.0	0.0	0.0	0.0	0.0	0.0	0.0	0.0	0.0	0.0	0.0	0.0	0.0	0.0	0.0	0.0	0.0	0.0
gi|6002243|emb|CAB56688.1|	0.0	0.0	0.0	1.0	0.0	1.0	0.0	1.0	1.0	2.0	3.0	0.0	0.0	1.0	1.0	1.0	2.0	0.0	0.0	0.0	0.0	0.0
gi|6006681|gb|AAF00567.1|	0.0	0.0	1.0	0.0	1.0	0.0	0.0	1.0	1.0	2.0	1.0	1.0	1.0	1.0	0.0	1.0	3.0	0.0	2.0	1.0	0.0	0.0
gi|602406|gb|AAA69907.1|	0.0	0.0	0.0	0.0	0.0	0.0	0.0	0.0	0.0	0.0	0.0	0.0	0.0	0.0	0.0	0.0	0.0	0.0	0.0	0.0	0.0	1.0
gi|60360860|dbj|BAD90558.1|	0.0	0.0	0.0	0.0	1.0	0.0	0.0	0.0	0.0	0.0	0.0	0.0	0.0	0.0	0.0	0.0	0.0	0.0	0.0	0.0	0.0	0.0
gi|60459540|gb|AAX20104.1|	0.0	0.0	0.0	0.0	1.0	0.0	0.0	0.0	0.0	0.0	0.0	0.0	0.0	0.0	0.0	0.0	0.0	0.0	0.0	0.0	0.0	0.0
gi|60491830|emb|CAH06588.1|	0.0	0.0	7.0	8.0	4.0	2.0	4.0	3.0	4.0	3.0	3.0	9.0	4.0	3.0	3.0	6.0	6.0	2.0	3.0	4.0	2.0	2.0
gi|60495103|emb|CAH09922.1|	0.0	0.0	3.0	3.0	2.0	1.0	0.0	1.0	2.0	0.0	0.0	1.0	2.0	2.0	2.0	2.0	2.0	1.0	2.0	0.0	1.0	0.0
gi|606014|gb|AAA57877.1|	0.0	0.0	0.0	0.0	1.0	2.0	0.0	1.0	2.0	0.0	0.0	0.0	2.0	0.0	0.0	0.0	0.0	0.0	0.0	3.0	0.0	0.0
gi|606018|gb|AAA57881.1|	0.0	0.0	0.0	0.0	1.0	3.0	0.0	1.0	2.0	0.0	0.0	0.0	0.0	0.0	0.0	0.0	0.0	0.0	0.0	2.0	0.0	0.0
gi|606147|gb|AAA58010.1|	0.0	0.0	0.0	0.0	0.0	1.0	0.0	0.0	1.0	0.0	0.0	0.0	0.0	0.0	0.0	0.0	0.0	0.0	0.0	0.0	0.0	0.0
gi|606272|gb|AAA58135.1|	0.0	0.0	0.0	0.0	3.0	1.0	0.0	0.0	0.0	0.0	0.0	0.0	2.0	0.0	0.0	0.0	0.0	0.0	0.0	2.0	0.0	0.0
gi|606330|gb|AAA58193.1|	0.0	0.0	0.0	1.0	3.0	4.0	0.0	1.0	2.0	0.0	0.0	0.0	2.0	0.0	0.0	1.0	0.0	0.0	1.0	3.0	0.0	1.0
gi|606366|gb|AAA58229.1|	0.0	0.0	0.0	3.0	2.0	1.0	0.0	3.0	2.0	0.0	0.0	0.0	2.0	0.0	0.0	1.0	0.0	0.0	0.0	2.0	0.0	0.0
gi|60738769|gb|AAX35883.1|	0.0	0.0	0.0	0.0	0.0	0.0	0.0	0.0	0.0	0.0	0.0	0.0	0.0	0.0	0.0	1.0	0.0	0.0	0.0	0.0	0.0	0.0
gi|608708|emb|CAA57219.1|	0.0	0.0	0.0	0.0	1.0	0.0	0.0	1.0	0.0	0.0	0.0	0.0	0.0	0.0	0.0	0.0	0.0	0.0	0.0	0.0	0.0	0.0
gi|6136294|gb|AAC00190.2|	0.0	0.0	0.0	0.0	0.0	0.0	0.0	0.0	0.0	0.0	0.0	0.0	0.0	0.0	0.0	0.0	0.0	0.0	0.0	0.0	1.0	0.0
gi|61654844|gb|AAX48919.1|	0.0	0.0	13.0	8.0	16.0	9.0	7.0	11.0	16.0	16.0	8.0	18.0	6.0	12.0	12.0	18.0	16.0	4.0	18.0	6.0	5.0	7.0
gi|6166257|gb|AAF04747.1|AF102867_1	0.0	0.0	0.0	0.0	0.0	0.0	0.0	0.0	0.0	1.0	0.0	0.0	0.0	0.0	0.0	0.0	0.0	0.0	1.0	0.0	0.0	0.0
gi|63002592|dbj|BAD97810.1|	0.0	0.0	0.0	1.0	1.0	1.0	0.0	0.0	3.0	1.0	0.0	3.0	0.0	0.0	1.0	1.0	2.0	1.0	2.0	0.0	0.0	1.0
gi|642538|gb|AAB60060.1|	0.0	0.0	0.0	0.0	1.0	1.0	0.0	0.0	0.0	0.0	0.0	0.0	1.0	0.0	0.0	0.0	0.0	0.0	0.0	2.0	0.0	0.0
gi|6458657|gb|AAF10510.1|AE001946_2	0.0	0.0	0.0	0.0	0.0	0.0	0.0	1.0	0.0	0.0	0.0	0.0	0.0	0.0	0.0	0.0	0.0	0.0	1.0	0.0	0.0	0.0
gi|6594322|dbj|BAA88434.1|	0.0	0.0	0.0	0.0	2.0	0.0	0.0	0.0	0.0	0.0	0.0	0.0	0.0	0.0	0.0	0.0	0.0	0.0	0.0	0.0	0.0	0.0
gi|6624914|emb|CAB63901.1|	0.0	0.0	0.0	0.0	0.0	0.0	0.0	0.0	0.0	0.0	1.0	0.0	0.0	0.0	0.0	0.0	0.0	0.0	0.0	0.0	0.0	0.0
gi|6652754|gb|AAF22454.1|AF056939_2	0.0	0.0	2.0	1.0	2.0	2.0	2.0	2.0	2.0	3.0	2.0	1.0	0.0	1.0	2.0	2.0	3.0	1.0	2.0	1.0	0.0	2.0
gi|6692066|emb|CAB65753.1|	0.0	0.0	0.0	0.0	0.0	2.0	0.0	0.0	0.0	0.0	0.0	0.0	0.0	0.0	0.0	0.0	0.0	0.0	0.0	0.0	0.0	1.0
gi|67579997|gb|AAY69574.1|	0.0	0.0	0.0	0.0	0.0	0.0	1.0	0.0	0.0	0.0	0.0	0.0	0.0	0.0	0.0	0.0	0.0	0.0	0.0	0.0	0.0	0.0
gi|67587875|gb|AAY73024.1|	0.0	0.0	0.0	0.0	0.0	0.0	0.0	0.0	0.0	0.0	0.0	0.0	0.0	0.0	0.0	1.0	0.0	0.0	0.0	0.0	0.0	0.0
gi|68271034|gb|AAY89038.1|	0.0	0.0	0.0	1.0	0.0	0.0	0.0	0.0	0.0	0.0	0.0	0.0	0.0	0.0	0.0	1.0	0.0	0.0	0.0	0.0	0.0	0.0
gi|6977821|emb|CAB75342.1|	0.0	0.0	1.0	3.0	0.0	6.0	0.0	1.0	1.0	1.0	1.0	1.0	0.0	1.0	1.0	3.0	0.0	0.0	3.0	1.0	0.0	1.0
gi|6978931|dbj|BAA90771.1|	0.0	0.0	0.0	0.0	0.0	0.0	0.0	0.0	0.0	0.0	1.0	0.0	0.0	0.0	0.0	0.0	0.0	0.0	0.0	0.0	0.0	0.0
gi|704360|gb|AAC48460.1|	0.0	0.0	0.0	0.0	0.0	0.0	0.0	0.0	0.0	1.0	0.0	0.0	0.0	0.0	0.0	0.0	0.0	0.0	0.0	0.0	0.0	0.0
gi|710632|dbj|BAA06429.1|	0.0	0.0	0.0	0.0	2.0	0.0	0.0	0.0	0.0	0.0	0.0	0.0	0.0	0.0	0.0	0.0	0.0	0.0	0.0	0.0	0.0	0.0
gi|710644|dbj|BAA08485.1|	0.0	0.0	0.0	1.0	0.0	2.0	0.0	1.0	0.0	0.0	0.0	1.0	0.0	0.0	0.0	0.0	0.0	0.0	1.0	0.0	0.0	1.0
gi|71482590|gb|AAZ32298.1|	0.0	0.0	4.0	4.0	4.0	3.0	2.0	5.0	4.0	2.0	1.0	5.0	0.0	4.0	2.0	3.0	4.0	0.0	6.0	2.0	0.0	0.0
gi|7209345|dbj|BAA92236.1|	0.0	0.0	0.0	0.0	1.0	0.0	0.0	0.0	0.0	0.0	0.0	0.0	0.0	0.0	0.0	0.0	0.0	0.0	0.0	0.0	0.0	0.0
gi|7264267|gb|AAF44125.1|	0.0	0.0	0.0	0.0	0.0	0.0	0.0	0.0	1.0	0.0	0.0	0.0	0.0	1.0	0.0	0.0	1.0	0.0	0.0	0.0	0.0	1.0
gi|726490|gb|AAB03100.1|	0.0	0.0	0.0	0.0	0.0	0.0	0.0	0.0	0.0	0.0	0.0	0.0	0.0	0.0	0.0	0.0	0.0	0.0	1.0	0.0	0.0	0.0
gi|7288|emb|CAA44069.1|	0.0	0.0	0.0	0.0	0.0	0.0	0.0	0.0	0.0	0.0	1.0	0.0	0.0	0.0	0.0	0.0	0.0	0.0	0.0	0.0	0.0	1.0
gi|736357|gb|AAA95959.1|	0.0	0.0	0.0	0.0	0.0	1.0	0.0	0.0	0.0	0.0	0.0	0.0	0.0	0.0	0.0	0.0	0.0	0.0	0.0	0.0	0.0	1.0
gi|73698275|gb|AAZ81660.1|	0.0	0.0	0.0	0.0	0.0	0.0	0.0	0.0	0.0	0.0	1.0	0.0	0.0	1.0	0.0	0.0	0.0	0.0	0.0	0.0	0.0	0.0
gi|73698635|gb|AAZ81841.1|	0.0	0.0	0.0	0.0	0.0	0.0	0.0	2.0	0.0	0.0	0.0	0.0	0.0	0.0	1.0	0.0	0.0	0.0	0.0	0.0	0.0	0.0
gi|76097478|gb|ABA39423.1|	0.0	0.0	0.0	0.0	0.0	1.0	0.0	0.0	0.0	0.0	0.0	0.0	0.0	1.0	1.0	0.0	1.0	0.0	0.0	0.0	0.0	0.0
gi|76150485|emb|CAD65888.2|	0.0	0.0	0.0	0.0	0.0	1.0	0.0	0.0	0.0	0.0	0.0	0.0	0.0	0.0	0.0	0.0	0.0	0.0	0.0	0.0	0.0	1.0
gi|76365700|gb|ABA42186.1|	0.0	0.0	0.0	0.0	1.0	0.0	1.0	0.0	0.0	0.0	4.0	2.0	0.0	0.0	0.0	1.0	0.0	0.0	0.0	0.0	0.0	0.0
gi|7672747|gb|AAF66622.1|AF143228_1	0.0	0.0	0.0	0.0	1.0	0.0	0.0	0.0	0.0	0.0	0.0	0.0	0.0	0.0	0.0	0.0	0.0	0.0	0.0	0.0	0.0	0.0
gi|76780419|emb|CAJ20070.1|	0.0	0.0	1.0	1.0	2.0	2.0	0.0	1.0	1.0	0.0	2.0	1.0	0.0	0.0	3.0	1.0	1.0	0.0	0.0	1.0	0.0	0.0
gi|76875239|emb|CAI86460.1|	0.0	0.0	0.0	0.0	1.0	1.0	0.0	0.0	0.0	0.0	0.0	0.0	1.0	0.0	0.0	0.0	0.0	0.0	0.0	1.0	0.0	0.0
gi|7706787|gb|AAB35252.2|	0.0	0.0	0.0	0.0	2.0	2.0	0.0	0.0	2.0	0.0	0.0	0.0	0.0	0.0	0.0	0.0	0.0	1.0	0.0	0.0	0.0	0.0
gi|7739661|gb|AAF68953.1|	0.0	0.0	0.0	0.0	0.0	0.0	0.0	0.0	0.0	0.0	0.0	1.0	0.0	0.0	0.0	0.0	0.0	0.0	0.0	0.0	0.0	0.0
gi|77917382|emb|CAJ38414.1|	0.0	0.0	0.0	0.0	1.0	0.0	0.0	1.0	1.0	0.0	0.0	2.0	0.0	0.0	1.0	1.0	0.0	0.0	1.0	0.0	0.0	0.0
gi|7801297|emb|CAB91166.1|	0.0	0.0	0.0	1.0	0.0	1.0	0.0	0.0	1.0	1.0	0.0	1.0	0.0	1.0	1.0	1.0	1.0	0.0	1.0	0.0	0.0	0.0
gi|78522584|gb|ABB46200.1|	0.0	0.0	0.0	0.0	1.0	0.0	0.0	1.0	0.0	0.0	0.0	0.0	0.0	1.0	0.0	0.0	0.0	0.0	1.0	0.0	0.0	0.0
gi|78926900|gb|ABB51610.1|	0.0	0.0	0.0	0.0	0.0	0.0	0.0	0.0	1.0	1.0	0.0	1.0	0.0	1.0	0.0	1.0	1.0	0.0	1.0	0.0	0.0	0.0
gi|78926927|gb|ABB51611.1|	0.0	0.0	0.0	0.0	0.0	0.0	0.0	0.0	0.0	0.0	0.0	1.0	0.0	0.0	0.0	0.0	1.0	0.0	0.0	1.0	0.0	0.0
gi|806576|emb|CAA89207.1|	0.0	0.0	0.0	0.0	0.0	0.0	0.0	0.0	0.0	0.0	0.0	0.0	0.0	0.0	0.0	1.0	0.0	0.0	0.0	0.0	0.0	0.0
gi|81167778|gb|ABB56118.1|	0.0	0.0	0.0	1.0	0.0	0.0	0.0	0.0	0.0	0.0	3.0	0.0	0.0	0.0	0.0	0.0	0.0	0.0	0.0	1.0	0.0	0.0
gi|8118046|gb|AAF72876.1|AF215936_2	0.0	0.0	0.0	0.0	1.0	1.0	0.0	1.0	0.0	0.0	1.0	0.0	0.0	0.0	0.0	1.0	0.0	0.0	0.0	0.0	0.0	0.0
gi|82524066|emb|CAJ19109.1|	0.0	0.0	2.0	2.0	2.0	0.0	2.0	1.0	2.0	1.0	1.0	2.0	0.0	3.0	3.0	2.0	1.0	0.0	2.0	2.0	2.0	0.0
gi|82524081|emb|CAJ19122.1|	0.0	0.0	0.0	1.0	1.0	0.0	0.0	2.0	2.0	0.0	2.0	0.0	0.0	1.0	0.0	1.0	1.0	1.0	1.0	0.0	0.0	0.0
gi|82524093|emb|CAJ19130.1|	0.0	0.0	0.0	0.0	1.0	0.0	1.0	0.0	0.0	1.0	0.0	0.0	1.0	0.0	2.0	0.0	0.0	0.0	1.0	0.0	0.0	0.0
gi|82524107|emb|CAJ19140.1|	0.0	0.0	1.0	2.0	1.0	0.0	1.0	0.0	1.0	1.0	0.0	1.0	0.0	1.0	0.0	0.0	0.0	0.0	0.0	0.0	0.0	0.0
gi|82524108|emb|CAJ19141.1|	0.0	0.0	0.0	0.0	1.0	0.0	0.0	0.0	0.0	0.0	0.0	2.0	0.0	0.0	0.0	0.0	0.0	0.0	0.0	0.0	0.0	0.0
gi|82524115|emb|CAJ19146.1|	0.0	0.0	0.0	0.0	1.0	0.0	0.0	1.0	0.0	0.0	0.0	0.0	0.0	1.0	0.0	0.0	0.0	0.0	1.0	0.0	1.0	0.0
gi|82524119|emb|CAJ19149.1|	0.0	0.0	0.0	2.0	2.0	2.0	2.0	1.0	3.0	2.0	2.0	2.0	0.0	3.0	1.0	1.0	4.0	0.0	3.0	1.0	1.0	0.0
gi|82524125|emb|CAJ19153.1|	0.0	0.0	1.0	0.0	2.0	1.0	1.0	3.0	1.0	0.0	0.0	1.0	2.0	3.0	0.0	0.0	0.0	0.0	3.0	0.0	1.0	0.0
gi|82658786|gb|ABB88567.1|	0.0	0.0	0.0	1.0	0.0	2.0	1.0	0.0	0.0	0.0	0.0	0.0	0.0	0.0	0.0	0.0	0.0	0.0	0.0	0.0	0.0	2.0
gi|82799231|gb|ABB92159.1|	0.0	0.0	1.0	0.0	1.0	0.0	0.0	0.0	0.0	0.0	0.0	0.0	0.0	0.0	0.0	0.0	0.0	0.0	0.0	0.0	0.0	0.0
gi|82940947|dbj|BAE48718.1|	0.0	0.0	0.0	0.0	0.0	0.0	1.0	0.0	0.0	0.0	0.0	0.0	0.0	0.0	0.0	0.0	0.0	0.0	0.0	0.0	0.0	1.0
gi|836658|gb|AAA67593.1|	0.0	0.0	0.0	2.0	5.0	2.0	1.0	4.0	4.0	0.0	0.0	0.0	1.0	0.0	0.0	0.0	0.0	0.0	0.0	3.0	0.0	0.0
gi|84313475|gb|ABC55452.1|	0.0	0.0	0.0	0.0	0.0	1.0	0.0	0.0	0.0	0.0	0.0	0.0	0.0	0.0	0.0	0.0	0.0	0.0	1.0	0.0	0.0	0.0
gi|8515404|gb|AAF75984.1|	0.0	0.0	0.0	1.0	0.0	1.0	0.0	0.0	0.0	0.0	0.0	0.0	0.0	0.0	0.0	1.0	0.0	0.0	0.0	0.0	0.0	0.0
gi|853699|emb|CAA60858.1|	0.0	0.0	0.0	0.0	0.0	0.0	0.0	0.0	0.0	0.0	0.0	0.0	0.0	1.0	0.0	0.0	0.0	0.0	0.0	0.0	0.0	0.0
gi|85375918|gb|ABC70181.1|	0.0	0.0	0.0	0.0	0.0	0.0	0.0	0.0	0.0	0.0	1.0	0.0	0.0	0.0	0.0	0.0	0.0	0.0	0.0	0.0	0.0	0.0
gi|85675449|dbj|BAE76734.1|	0.0	0.0	0.0	1.0	1.0	1.0	1.0	1.0	1.0	0.0	0.0	0.0	2.0	0.0	0.0	0.0	0.0	0.0	0.0	0.0	0.0	0.0
gi|85676387|dbj|BAE77637.1|	0.0	0.0	0.0	1.0	1.0	1.0	0.0	1.0	0.0	0.0	0.0	0.0	0.0	1.0	0.0	1.0	0.0	0.0	1.0	0.0	0.0	0.0
gi|85717961|gb|ABC75004.1|	0.0	0.0	0.0	1.0	0.0	1.0	1.0	1.0	2.0	1.0	1.0	2.0	0.0	2.0	1.0	2.0	0.0	0.0	2.0	1.0	0.0	0.0
gi|868020|gb|AAA68923.1|	0.0	0.0	0.0	0.0	0.0	1.0	0.0	0.0	2.0	0.0	0.0	0.0	0.0	0.0	0.0	0.0	0.0	0.0	0.0	1.0	0.0	0.0
gi|87081873|gb|AAC74391.2|	0.0	0.0	0.0	0.0	0.0	1.0	0.0	0.0	0.0	0.0	0.0	0.0	1.0	0.0	0.0	0.0	0.0	0.0	0.0	1.0	0.0	0.0
gi|8708896|gb|AAC17970.2|	0.0	0.0	0.0	0.0	0.0	2.0	0.0	0.0	0.0	0.0	0.0	1.0	0.0	0.0	0.0	0.0	0.0	0.0	0.0	0.0	0.0	1.0
gi|88698232|gb|AAY87162.2|	0.0	0.0	0.0	0.0	0.0	0.0	0.0	0.0	0.0	0.0	0.0	0.0	0.0	0.0	0.0	1.0	0.0	0.0	0.0	0.0	0.0	0.0
gi|887851|gb|AAA83082.1|	0.0	0.0	0.0	0.0	4.0	2.0	0.0	4.0	3.0	0.0	1.0	1.0	0.0	0.0	0.0	0.0	0.0	1.0	0.0	1.0	1.0	0.0
gi|8895751|gb|AAF81087.1|AF228498_7	0.0	0.0	0.0	0.0	0.0	1.0	0.0	1.0	1.0	0.0	0.0	0.0	1.0	0.0	0.0	0.0	0.0	0.0	0.0	0.0	0.0	0.0
gi|895751|emb|CAA90288.1|	0.0	0.0	0.0	0.0	2.0	1.0	0.0	0.0	1.0	0.0	0.0	0.0	0.0	0.0	0.0	0.0	0.0	0.0	0.0	0.0	0.0	0.0
gi|89885575|dbj|BAE86926.1|	0.0	0.0	0.0	1.0	0.0	0.0	0.0	0.0	0.0	0.0	0.0	0.0	0.0	0.0	0.0	0.0	0.0	0.0	0.0	0.0	0.0	0.0
gi|89950565|gb|ABD80580.1|	0.0	0.0	1.0	2.0	2.0	3.0	1.0	3.0	6.0	1.0	1.0	4.0	0.0	3.0	1.0	6.0	1.0	0.0	3.0	0.0	2.0	3.0
gi|89950819|gb|ABD80834.1|	0.0	0.0	0.0	0.0	0.0	0.0	0.0	0.0	0.0	0.0	0.0	1.0	0.0	0.0	0.0	0.0	0.0	0.0	0.0	0.0	0.0	0.0
gi|89951878|gb|ABD81893.1|	0.0	0.0	0.0	0.0	0.0	0.0	0.0	0.0	0.0	0.0	0.0	0.0	0.0	1.0	0.0	0.0	0.0	0.0	1.0	0.0	0.0	0.0
gi|89951919|gb|ABD81934.1|	0.0	0.0	5.0	9.0	8.0	4.0	5.0	6.0	12.0	5.0	8.0	7.0	0.0	8.0	4.0	5.0	8.0	1.0	9.0	3.0	2.0	1.0
gi|89952279|gb|ABD82294.1|	0.0	0.0	3.0	3.0	6.0	3.0	1.0	2.0	4.0	3.0	4.0	4.0	2.0	3.0	2.0	3.0	4.0	1.0	5.0	2.0	1.0	1.0
gi|89952843|gb|ABD82858.1|	0.0	0.0	0.0	0.0	0.0	0.0	0.0	0.0	0.0	0.0	0.0	0.0	0.0	0.0	0.0	0.0	0.0	0.0	0.0	0.0	0.0	1.0
gi|90652738|dbj|BAE92259.1|	0.0	0.0	0.0	0.0	0.0	0.0	0.0	1.0	0.0	0.0	0.0	0.0	0.0	0.0	0.0	1.0	0.0	0.0	0.0	0.0	0.0	0.0
gi|90655076|gb|ABD96085.1|	0.0	0.0	0.0	0.0	0.0	0.0	0.0	0.0	0.0	0.0	0.0	0.0	0.0	0.0	0.0	0.0	0.0	0.0	1.0	1.0	0.0	0.0
gi|912436|dbj|BAA01368.1|	0.0	0.0	0.0	0.0	0.0	0.0	0.0	1.0	0.0	0.0	0.0	0.0	0.0	0.0	0.0	0.0	0.0	0.0	0.0	0.0	0.0	0.0
gi|94548779|gb|ABF38825.1|	0.0	0.0	0.0	1.0	0.0	0.0	0.0	0.0	1.0	0.0	1.0	1.0	0.0	0.0	1.0	0.0	0.0	0.0	0.0	0.0	0.0	0.0
gi|94554343|gb|ABF44258.1|	0.0	0.0	1.0	2.0	3.0	1.0	1.0	2.0	2.0	1.0	3.0	3.0	0.0	1.0	2.0	1.0	3.0	0.0	3.0	1.0	0.0	1.0
gi|94555367|gb|ABF45281.1|	0.0	0.0	0.0	0.0	1.0	0.0	0.0	0.0	0.0	0.0	0.0	0.0	0.0	0.0	0.0	0.0	0.0	0.0	0.0	0.0	0.0	0.0
gi|95025684|gb|ABF50843.1|	0.0	0.0	0.0	0.0	1.0	1.0	0.0	1.0	0.0	0.0	2.0	0.0	0.0	1.0	1.0	0.0	0.0	0.0	0.0	0.0	0.0	0.0
gi|95025692|gb|ABF50847.1|	0.0	0.0	2.0	1.0	1.0	0.0	0.0	0.0	0.0	0.0	0.0	0.0	0.0	0.0	0.0	0.0	1.0	0.0	3.0	0.0	0.0	0.0
gi|95025881|gb|ABF50864.1|	0.0	0.0	0.0	1.0	0.0	2.0	0.0	0.0	1.0	0.0	1.0	0.0	0.0	1.0	0.0	0.0	0.0	0.0	0.0	0.0	0.0	0.0
gi|95025943|gb|ABF50885.1|	0.0	0.0	0.0	1.0	0.0	2.0	0.0	1.0	1.0	0.0	2.0	1.0	0.0	1.0	0.0	1.0	0.0	0.0	0.0	0.0	0.0	2.0
gi|9622923|gb|AAF89979.1|AF206272_5	0.0	0.0	0.0	1.0	0.0	0.0	0.0	0.0	0.0	0.0	0.0	0.0	0.0	0.0	0.0	0.0	0.0	0.0	0.0	0.0	0.0	0.0
gi|974180|dbj|BAA09971.1|	0.0	0.0	1.0	0.0	0.0	3.0	0.0	0.0	2.0	0.0	1.0	1.0	0.0	0.0	1.0	1.0	0.0	0.0	0.0	1.0	1.0	0.0
gi|974447|gb|AAC45723.1|	0.0	0.0	0.0	0.0	1.0	1.0	0.0	2.0	1.0	0.0	0.0	0.0	0.0	0.0	0.0	0.0	0.0	0.0	0.0	1.0	0.0	0.0
gi|9798607|dbj|BAB11741.1|	0.0	0.0	3.0	1.0	1.0	0.0	0.0	0.0	0.0	2.0	0.0	0.0	0.0	1.0	2.0	1.0	3.0	0.0	2.0	0.0	1.0	1.0
gi|9930101|gb|AAG02023.1|AF160969_1	0.0	0.0	0.0	0.0	0.0	0.0	0.0	0.0	0.0	0.0	0.0	0.0	0.0	1.0	0.0	0.0	0.0	0.0	0.0	0.0	0.0	0.0
gi|9949106|gb|AAG06393.1|AE004725_6	0.0	0.0	0.0	0.0	1.0	0.0	0.0	0.0	0.0	0.0	0.0	0.0	0.0	0.0	0.0	0.0	0.0	0.0	0.0	0.0	0.0	0.0
gi|9967515|emb|CAA76421.2|	0.0	0.0	0.0	1.0	0.0	3.0	0.0	1.0	2.0	0.0	3.0	1.0	0.0	0.0	1.0	1.0	0.0	0.0	2.0	1.0	0.0	0.0
gi|9971087|emb|CAC07184.1|	0.0	0.0	0.0	2.0	1.0	0.0	1.0	1.0	2.0	0.0	0.0	1.0	0.0	6.0	1.0	1.0	0.0	0.0	3.0	0.0	1.0	0.0
gi|9996703|emb|CAC07463.1|	0.0	0.0	0.0	0.0	0.0	0.0	0.0	1.0	1.0	0.0	0.0	0.0	0.0	0.0	0.0	0.0	1.0	0.0	0.0	0.0	0.0	2.0
