ID,Healthy_count
K00186,1.05E-05
K00187,3.16E-05
K00184,2.85E-05
K00185,1.23E-05
K01369,7.10E-06
K00183,2.60E-05
K00180,4.60E-04
K01364,1.51E-05
K01361,9.01E-07
K01362,8.69E-04
K10110,1.86E-04
K10111,1.93E-06
K10112,3.71E-04
K10117,6.79E-05
K10118,6.76E-05
K10119,7.83E-05
K11909,1.40E-05
K05844,2.30E-05
K05845,6.74E-05
K05846,9.14E-05
K05847,9.35E-05
K04083,3.12E-04
K04082,1.47E-05
K04081,5.00E-06
K04080,5.65E-06
K04087,5.06E-05
K04086,1.60E-05
K04085,5.04E-05
K04084,2.63E-05
K04088,3.62E-05
K12521,8.80E-06
K00989,1.09E-04
K00986,8.38E-04
K01103,2.26E-06
K00985,3.24E-04
K00982,2.87E-05
K01104,1.19E-03
K00980,7.53E-05
K00981,6.09E-04
K05592,4.52E-04
K05593,2.24E-05
K05590,1.49E-05
K05591,1.17E-04
K05596,2.44E-06
K05597,8.26E-06
K05594,7.52E-06
K05595,7.33E-04
K06012,1.19E-04
K01297,2.09E-04
K05601,1.48E-05
K02926,8.65E-04
K05607,7.22E-05
K14541,4.15E-07
K14540,2.38E-04
K00216,5.77E-06
K00215,7.23E-04
K12529,2.99E-06
K00210,2.52E-04
K11904,7.87E-06
K13607,6.58E-06
K01062,1.45E-05
K01560,8.98E-05
K01567,2.25E-04
K00218,7.65E-06
K00219,7.86E-05
K01035,5.17E-05
K01034,9.62E-05
K01741,3.64E-05
K01740,1.01E-03
K01746,6.31E-05
K01745,3.62E-04
K01744,3.19E-04
K02030,9.49E-04
K02031,7.94E-04
K02032,7.22E-04
K02033,7.22E-04
K01039,9.17E-05
K02035,6.61E-04
K02036,5.97E-04
K02037,4.15E-04
K01585,2.48E-04
K01584,1.21E-05
K05020,1.53E-05
K01586,6.22E-04
K01581,7.26E-05
K01580,2.80E-04
K01583,2.65E-06
K01582,2.08E-04
K13497,1.74E-05
K01589,7.72E-05
K01588,8.54E-04
K05556,3.00E-06
K14430,8.28E-06
K13652,1.93E-04
K13653,8.94E-05
K13650,5.74E-06
K08344,1.14E-06
K08346,1.51E-06
K08347,3.43E-06
K08348,1.63E-05
K08349,2.44E-06
K14127,3.53E-05
K02456,1.01E-05
K05337,3.72E-05
K02454,7.14E-05
K02455,1.73E-05
K02100,7.08E-06
K02453,4.96E-05
K02450,1.58E-06
K02103,5.45E-05
K03455,3.08E-04
K03457,3.62E-05
K02108,6.85E-04
K02109,7.72E-04
K03453,5.05E-04
K03980,4.66E-05
K02193,2.39E-05
K02362,2.88E-06
K01639,3.97E-04
K01638,1.67E-05
K01637,3.49E-06
K01636,2.49E-05
K01633,7.24E-04
K01632,1.81E-05
K01631,6.62E-06
K01630,1.88E-05
K03855,8.91E-05
K08485,8.60E-06
K03856,2.47E-04
K00264,9.23E-06
K03521,7.73E-04
K13019,7.54E-06
K03523,3.81E-04
K03522,9.38E-04
K03525,6.78E-04
K03524,5.42E-04
K03527,6.86E-04
K03526,5.05E-04
K03529,1.75E-04
K02853,9.85E-06
K13012,1.81E-04
K02851,3.90E-05
K02856,2.04E-04
K02585,2.44E-05
K13016,2.99E-05
K13017,4.92E-05
K09857,4.14E-06
K11073,3.94E-06
K02372,7.27E-04
K03671,3.28E-03
K03670,6.95E-06
K03673,2.27E-05
K03672,3.03E-05
K04887,1.86E-05
K03718,1.29E-03
K03677,4.01E-04
K03676,9.33E-06
K09761,6.28E-04
K09760,3.56E-04
K09762,2.17E-04
K09765,3.91E-04
K09767,4.74E-05
K02217,8.98E-04
K09769,6.15E-05
K09768,2.21E-04
K08567,5.81E-05
K13278,1.86E-06
K00631,7.12E-06
K03299,7.56E-05
K12308,5.02E-04
K03293,8.29E-05
K03292,5.66E-04
K03291,1.39E-05
K03290,1.53E-05
K03297,5.89E-05
K03296,1.49E-03
K03295,1.21E-04
K13479,8.14E-05
K03073,5.83E-04
K03072,9.00E-05
K03071,5.80E-05
K03070,4.44E-04
K03077,1.81E-04
K03076,7.98E-04
K03075,5.86E-04
K03074,1.33E-04
K08965,2.11E-06
K03078,7.14E-06
K08961,4.31E-05
K08963,2.06E-04
K03275,1.20E-05
K03274,1.21E-04
K03276,1.22E-05
K03271,2.60E-04
K03270,5.47E-04
K03273,1.58E-04
K03272,1.00E-04
K03812,1.41E-05
K06138,2.54E-04
K05540,3.09E-04
K06131,6.31E-04
K09749,5.81E-05
K06133,8.70E-05
K09612,4.48E-06
K03187,2.54E-05
K03186,6.56E-05
K03185,2.26E-05
K02279,7.61E-05
K03183,3.88E-04
K03182,8.23E-05
K03181,2.23E-05
K03189,5.05E-05
K03188,5.31E-05
K07552,1.73E-04
K03483,4.02E-06
K12454,1.19E-05
K12452,8.56E-05
K07192,3.64E-04
K07358,2.02E-05
K06027,2.85E-05
K07353,4.96E-06
K07350,5.14E-06
K07351,7.84E-06
K09909,7.04E-06
K01101,1.33E-05
K01115,1.37E-06
K12057,6.44E-06
K12056,3.70E-06
K06221,1.63E-04
K09900,7.52E-06
K09903,6.35E-04
K06222,1.03E-05
K09904,6.42E-05
K09907,2.06E-05
K09975,7.60E-06
K06919,5.39E-06
K02825,6.31E-05
K06917,8.53E-06
K06916,1.29E-05
K06915,7.96E-05
K06911,4.90E-04
K00983,2.06E-04
K00773,6.96E-04
K00772,5.79E-05
K00777,2.13E-05
K13611,3.36E-07
K07308,2.78E-06
K08986,2.57E-06
K01299,5.63E-05
K08984,8.30E-06
K08981,5.82E-06
K02589,2.53E-05
K08989,7.67E-05
K10439,3.74E-04
K06351,8.06E-06
K06350,1.49E-05
K07512,7.75E-06
K10213,1.16E-05
K03302,8.90E-06
K10218,3.37E-06
K05851,1.08E-05
K01912,5.64E-04
K01910,2.84E-05
K01911,2.71E-04
K01916,6.76E-05
K01917,5.26E-05
K01914,4.20E-04
K01915,1.18E-03
K01918,4.29E-04
K01919,2.28E-05
K10954,2.27E-06
K10697,2.74E-05
K07775,2.48E-04
K00179,3.62E-04
K07777,4.87E-05
K05934,2.92E-04
K07048,4.68E-05
K05936,3.82E-04
K07773,6.59E-06
K00172,1.05E-04
K00171,1.12E-04
K00170,8.28E-05
K00177,4.30E-04
K00176,6.98E-04
K00175,6.73E-04
K00174,6.10E-04
K07177,6.98E-06
K07175,2.77E-04
K07172,9.44E-06
K07173,6.00E-04
K07170,4.96E-04
K07171,4.30E-02
K00375,2.00E-04
K00374,2.16E-05
K00376,4.72E-06
K00371,2.00E-05
K00370,3.48E-05
K00373,2.46E-05
K00372,7.17E-06
K01358,1.12E-03
K00194,3.72E-05
K00197,4.12E-05
K09163,1.72E-04
K09162,3.33E-05
K09161,9.41E-06
K09160,1.43E-05
K11382,3.34E-05
K02280,1.73E-05
K01354,1.27E-05
K00198,1.20E-04
K01356,3.53E-04
K11594,1.37E-06
K10109,1.51E-04
K10108,1.40E-04
K10107,6.17E-06
K05606,1.14E-05
K01828,2.82E-04
K01826,6.07E-05
K01825,1.00E-05
K01822,9.27E-05
K01823,1.09E-05
K01820,3.20E-06
K00519,1.49E-05
K04078,1.23E-03
K04079,6.32E-04
K04077,7.24E-04
K04074,2.84E-05
K04075,4.66E-04
K04072,1.42E-04
K04070,1.87E-04
K11145,3.10E-04
K05342,2.57E-06
K12299,1.09E-05
K00998,3.65E-04
K04691,1.23E-05
K00995,6.14E-04
K00997,1.28E-04
K00996,9.80E-05
K00991,8.04E-04
K00990,2.84E-05
K01521,5.57E-06
K05589,2.01E-05
K03151,1.89E-04
K02931,8.47E-04
K02933,9.81E-04
K05612,2.80E-06
K02935,1.29E-03
K03620,7.74E-05
K05616,3.99E-06
K02939,1.00E-03
K14205,1.36E-06
K02363,1.43E-06
K00207,2.12E-06
K01568,1.44E-06
K14264,1.80E-06
K00437,2.33E-06
K00208,4.31E-04
K01000,5.33E-04
K14591,3.98E-05
K01002,1.77E-05
K01003,2.66E-06
K01005,5.11E-04
K01006,6.34E-04
K01007,4.81E-05
K01008,1.83E-04
K12500,5.82E-06
K03628,3.77E-04
K13480,1.11E-04
K09961,8.02E-06
K04785,6.28E-06
K14440,1.40E-05
K10794,4.14E-05
K08195,1.06E-05
K08194,1.12E-05
K08651,6.79E-06
K08191,2.16E-04
K13640,2.29E-05
K13643,3.28E-04
K10189,1.14E-04
K01134,3.08E-04
K01135,2.13E-05
K01136,4.51E-05
K01137,1.62E-04
K01130,4.08E-04
K01132,1.26E-05
K01133,4.80E-05
K08357,7.56E-07
K02302,4.55E-05
K01564,3.50E-06
K01138,3.94E-04
K01139,6.22E-05
K08351,4.67E-06
K08350,1.17E-05
K02113,6.55E-04
K02444,6.83E-05
K02111,6.73E-04
K02110,1.36E-03
K02117,4.48E-04
K02440,1.12E-04
K02115,7.14E-04
K02114,1.12E-03
K02119,8.37E-05
K02118,6.11E-04
K03465,1.35E-04
K03466,3.84E-04
K09023,2.91E-06
K01649,5.46E-04
K10407,1.51E-06
K01643,8.75E-05
K01640,2.31E-05
K01646,6.32E-05
K01647,5.57E-04
K01644,7.83E-05
K13006,7.21E-05
K02101,4.48E-06
K13004,2.52E-05
K13002,4.24E-04
K06952,5.03E-05
K06407,2.87E-04
K02027,6.14E-04
K02026,1.89E-03
K02025,1.87E-03
K07139,4.98E-04
K02023,8.50E-05
K03519,3.76E-05
K02021,2.84E-05
K02020,2.11E-04
K02841,1.11E-05
K11540,4.06E-06
K02843,7.64E-05
K03517,4.34E-04
K00737,2.44E-06
K01749,1.49E-04
K02029,1.10E-03
K02028,6.83E-04
K02102,2.34E-06
K03885,1.35E-04
K06610,3.26E-06
K02034,8.01E-04
K05922,5.68E-06
K04518,2.77E-04
K09758,1.55E-04
K09759,6.14E-05
K06036,8.96E-06
K02203,1.50E-04
K06959,3.63E-04
K02200,5.50E-05
K07136,5.41E-06
K02774,2.44E-05
K00917,4.16E-05
K06408,9.51E-05
K01274,5.79E-06
K12998,6.30E-06
K12999,3.90E-05
K11938,5.68E-06
K12992,4.50E-05
K13498,2.08E-05
K12990,7.70E-06
K12996,3.93E-05
K02058,1.23E-04
K12994,2.15E-05
K12995,5.50E-06
K08978,4.32E-04
K03088,9.59E-03
K03089,3.20E-05
K03086,8.31E-04
K03087,6.06E-05
K08970,1.94E-06
K07038,8.08E-06
K12510,1.48E-04
K08974,1.87E-04
K12290,5.30E-06
K07311,3.78E-06
K01426,2.28E-05
K03644,3.44E-04
K03645,1.21E-05
K03646,1.31E-05
K03647,1.60E-05
K03640,7.14E-05
K03641,1.75E-05
K03642,1.08E-04
K03643,1.56E-05
K03648,7.33E-04
K03649,7.72E-05
K07183,3.17E-04
K07181,1.95E-05
K07180,8.51E-06
K13919,1.86E-05
K13918,1.26E-05
K07185,1.45E-04
K07184,4.31E-05
K09934,3.58E-06
K06215,1.23E-04
K09936,9.24E-05
K06217,5.88E-04
K07349,1.38E-05
K03611,2.56E-05
K06212,2.72E-05
K06213,5.12E-04
K07345,1.19E-05
K07347,3.10E-05
K07346,3.25E-05
K07341,1.37E-04
K09939,1.49E-04
K07343,2.82E-05
K11646,2.82E-06
K06968,1.53E-05
K06969,8.56E-04
K06962,2.21E-04
K06960,6.50E-04
K06966,6.15E-04
K06967,1.53E-04
K13301,9.76E-06
K12736,4.92E-06
K00748,3.45E-04
K12733,7.91E-06
K05812,6.45E-06
K05811,7.24E-06
K00743,2.20E-05
K07507,4.73E-04
K08994,4.96E-06
K07505,2.83E-05
K05810,4.36E-04
K07503,3.96E-06
K07502,5.04E-05
K08993,8.07E-06
K08992,2.00E-05
K03219,3.88E-06
K08999,3.09E-04
K08998,1.05E-03
K09800,3.23E-05
K09801,4.65E-05
K09802,1.32E-05
K09805,5.88E-06
K09806,2.93E-05
K09807,3.22E-04
K09808,3.17E-04
K09809,3.06E-06
K05814,4.16E-05
K10914,2.54E-05
K10906,1.90E-06
K10771,2.38E-05
K10773,7.94E-04
K10778,4.86E-05
K07239,1.90E-04
K11358,2.64E-04
K01903,1.05E-04
K01902,1.25E-04
K06910,4.71E-05
K01906,3.89E-05
K07340,2.32E-05
K01908,2.46E-06
K01948,1.28E-05
K07769,1.31E-06
K07768,7.53E-06
K00348,3.80E-04
K07164,3.47E-04
K07166,4.43E-04
K07160,6.19E-05
K00340,5.98E-04
K00341,1.80E-04
K00690,6.31E-05
K00691,6.39E-05
K00344,4.20E-06
K00697,8.09E-05
K00346,2.84E-04
K00347,2.30E-04
K09117,7.80E-04
K02457,8.72E-06
K01766,3.87E-06
K09118,6.76E-06
K02106,1.02E-05
K05822,3.84E-06
K05823,1.10E-05
K05820,7.03E-06
K02452,1.69E-05
K14327,6.53E-06
K03458,4.31E-04
K00525,3.63E-04
K00526,1.63E-04
K00527,6.80E-04
K00520,9.55E-05
K03592,1.44E-04
K01835,1.56E-04
K01834,1.83E-03
K02518,1.23E-03
K00528,4.09E-04
K04069,9.34E-04
K04068,9.43E-04
K04065,1.93E-05
K00029,2.16E-04
K04066,4.23E-04
K04061,9.91E-05
K04063,5.45E-06
K07709,7.82E-06
K07729,4.82E-04
K06202,7.24E-06
K03451,8.28E-05
K09921,6.58E-06
K10006,1.20E-05
K10007,1.03E-05
K10004,6.06E-05
K09920,4.93E-06
K10002,3.20E-05
K03981,3.64E-05
K10000,6.20E-06
K00796,5.42E-04
K09927,1.18E-05
K09024,4.05E-06
K05339,2.62E-05
K09022,3.86E-05
K00795,5.26E-05
K10008,3.06E-05
K09021,6.00E-06
K00794,7.73E-04
K05346,6.08E-06
K02909,1.51E-03
K08218,4.73E-04
K08219,1.16E-05
K02904,7.14E-04
K08217,2.44E-04
K02906,9.56E-04
K02907,9.49E-04
K02902,1.13E-03
K00389,4.47E-05
K00230,8.55E-05
K00231,2.81E-05
K01343,4.89E-06
K00023,1.04E-04
K00239,3.05E-04
K09928,1.55E-05
K14588,2.94E-06
K01012,5.52E-04
K01011,3.27E-05
K00836,4.59E-06
K00837,5.05E-04
K00835,8.55E-06
K00832,5.28E-05
K00833,2.37E-04
K00830,1.94E-06
K00831,7.47E-04
K00839,2.20E-05
K00549,1.45E-04
K11739,9.67E-06
K13677,4.85E-06
K04335,4.84E-06
K04334,5.13E-06
K01121,1.13E-06
K11738,6.13E-06
K01126,8.90E-04
K04333,3.58E-06
K08322,9.76E-05
K08323,3.46E-05
K01129,5.25E-04
K08321,7.76E-05
K08326,4.23E-06
K08324,5.04E-06
K08325,2.78E-04
K02470,9.81E-04
K02471,4.65E-05
K02472,1.99E-04
K02474,2.12E-04
K02477,1.02E-03
K05318,4.00E-05
K02479,3.84E-05
K03520,1.02E-06
K01659,2.64E-05
K01658,4.82E-04
K13581,5.56E-06
K09019,3.95E-06
K06888,1.37E-05
K01653,8.18E-04
K01652,6.42E-04
K01655,1.27E-05
K01654,1.96E-04
K01657,3.61E-04
K12854,2.72E-06
K02874,1.25E-03
K10195,8.73E-06
K02876,1.08E-03
K02871,1.08E-03
K11737,1.15E-05
K03204,8.21E-06
K02878,1.09E-03
K02879,9.61E-04
K11736,1.52E-06
K02052,7.41E-05
K02053,4.33E-05
K02050,4.45E-04
K02051,5.07E-04
K02056,4.24E-04
K02057,7.45E-04
K02054,7.10E-05
K02055,2.77E-05
K03503,1.26E-04
K03502,3.34E-04
K03501,6.02E-04
K03500,2.15E-04
K03675,1.76E-05
K03892,4.99E-04
K02278,3.19E-05
K09748,8.92E-04
K13014,5.23E-06
K06023,3.01E-04
K06022,4.96E-05
K06020,3.08E-04
K09747,4.52E-04
K06026,2.89E-06
K06024,3.19E-04
K13018,8.98E-05
K02568,1.06E-05
K14054,3.13E-06
K13292,4.20E-04
K02858,5.71E-04
K03477,1.61E-05
K03476,1.47E-05
K03475,4.87E-05
K03474,4.66E-04
K03473,2.72E-04
K03472,2.11E-06
K03471,1.75E-05
K03470,7.22E-04
K14051,5.00E-05
K12983,4.47E-05
K12982,3.22E-05
K12985,1.18E-05
K12984,1.07E-05
K03478,3.76E-05
K07674,9.55E-06
K11293,1.18E-06
K03098,6.21E-05
K13853,2.12E-06
K12507,1.19E-05
K12506,3.78E-05
K03091,1.06E-03
K03090,6.54E-06
K12503,3.79E-05
K03092,3.45E-04
K13010,1.38E-04
K02304,2.30E-05
K06113,2.34E-04
K02303,2.08E-05
K02300,7.04E-06
K02301,2.62E-06
K02429,6.90E-04
K03200,9.40E-06
K13013,1.27E-05
K02584,8.37E-05
K07080,1.79E-04
K13015,4.15E-05
K05803,6.28E-06
K03652,2.81E-05
K03651,7.08E-06
K03650,5.31E-04
K03657,8.21E-04
K03656,8.87E-06
K03655,1.04E-03
K03654,9.84E-04
K03658,2.76E-05
K08693,5.57E-06
K12256,1.77E-06
K11748,8.22E-06
K11749,3.63E-04
K11746,4.12E-06
K11747,1.37E-05
K11744,2.10E-05
K11745,1.04E-05
K11742,7.10E-06
K11743,1.92E-05
K11740,3.10E-06
K11741,4.13E-04
K13920,1.67E-05
K13921,2.09E-06
K13922,2.61E-05
K13923,1.67E-05
K13924,1.92E-05
K13926,2.53E-06
K13927,5.50E-06
K13928,6.28E-06
K13929,1.43E-05
K06203,1.53E-05
K09922,6.71E-04
K06201,4.89E-04
K06200,4.85E-04
K06207,5.24E-04
K06206,3.02E-04
K09925,4.24E-05
K09924,1.26E-04
K06209,2.74E-04
K04844,8.08E-06
K00769,2.75E-05
K11630,1.48E-05
K06595,2.57E-06
K03528,5.80E-06
K01141,2.40E-05
K06979,4.08E-06
K06978,6.48E-05
K07979,9.65E-04
K06971,4.12E-05
K06970,7.37E-05
K06973,6.49E-04
K06972,1.42E-04
K06975,7.20E-04
K03674,8.90E-06
K07082,4.61E-04
K07083,3.70E-05
K00759,6.22E-04
K00758,1.07E-05
K04885,1.52E-05
K07084,7.32E-05
K07085,9.46E-04
K07088,5.62E-04
K07089,2.33E-04
K00757,6.64E-04
K00756,1.30E-04
K00754,2.57E-03
K10907,3.43E-04
K06001,3.67E-04
K07570,8.38E-06
K07571,1.33E-04
K07576,2.84E-04
K10901,2.81E-06
K07574,2.73E-04
K10900,8.28E-06
K10909,9.01E-07
K10908,8.97E-07
K11189,9.65E-04
K06379,2.47E-04
K06957,1.49E-05
K09817,5.66E-04
K09816,4.86E-04
K09815,3.90E-04
K06374,2.14E-04
K11180,1.86E-05
K09812,7.38E-04
K09811,5.72E-04
K09810,7.64E-04
K07470,9.86E-06
K10763,3.30E-05
K01938,5.44E-04
K01939,1.16E-02
K11161,4.21E-05
K01934,4.09E-04
K01935,3.61E-04
K01937,5.29E-04
K01930,4.94E-06
K01932,4.25E-05
K01933,7.08E-04
K00356,2.16E-05
K00355,2.15E-05
K00354,8.18E-06
K00353,8.00E-05
K01169,5.82E-06
K00351,2.59E-04
K00350,3.61E-04
K07796,6.42E-05
K07797,2.00E-06
K07795,7.05E-06
K07792,7.34E-05
K07793,1.78E-04
K00359,1.98E-04
K07791,3.10E-04
K07150,9.19E-05
K00688,7.66E-04
K07154,8.10E-04
K07156,6.24E-06
K07406,6.08E-05
K07407,7.51E-04
K00683,4.53E-05
K07405,3.18E-04
K07402,2.40E-04
K00358,3.11E-04
K07400,4.03E-06
K12813,1.55E-06
K03839,4.84E-04
K09819,1.30E-05
K00968,1.25E-04
K06378,2.39E-05
K00969,5.43E-04
K11184,1.90E-05
K05833,4.51E-04
K05832,3.81E-04
K05835,2.82E-05
K05834,7.54E-06
K05837,6.07E-04
K05836,1.34E-05
K05838,1.60E-05
K04769,2.87E-04
K01808,9.85E-04
K00532,1.35E-04
K02116,2.51E-05
K00537,3.94E-04
K11127,5.65E-07
K06373,3.45E-04
K01802,7.38E-04
K01803,8.48E-04
K01804,2.42E-04
K01805,2.48E-04
K01807,1.38E-04
K04058,2.07E-06
K13829,3.21E-06
K11912,5.01E-06
K10540,4.93E-04
K11183,2.75E-05
K08717,1.43E-04
K04056,4.72E-06
K05550,2.03E-05
K07494,7.92E-06
K01246,4.06E-04
K01247,4.28E-05
K01243,6.40E-04
K01241,2.39E-04
K10015,8.16E-06
K10014,5.92E-06
K14260,7.47E-05
K14261,5.24E-05
K10011,1.02E-05
K10010,3.35E-05
K10013,5.81E-06
K10012,3.70E-05
K10019,1.23E-05
K02919,2.01E-05
K02913,1.59E-03
K02911,1.42E-03
K02916,6.88E-04
K02914,6.86E-04
K07450,3.95E-06
K01330,1.32E-06
K03298,5.18E-06
K00228,5.02E-06
K00226,1.11E-03
K01338,5.70E-04
K00224,2.07E-05
K07234,3.19E-06
K00220,2.62E-06
K02682,1.29E-05
K01069,3.17E-04
K02687,6.08E-04
K02686,1.47E-05
K01790,1.12E-03
K01791,1.01E-03
K01060,1.68E-05
K02688,4.11E-05
K01066,2.42E-04
K01795,3.35E-04
K01796,6.60E-06
K01797,9.20E-06
K00825,3.17E-06
K00824,4.31E-05
K00826,7.55E-04
K00821,2.53E-04
K00820,5.76E-04
K00823,9.57E-06
K00822,4.77E-06
K05499,2.86E-05
K07389,4.61E-06
K01488,1.02E-04
K01489,7.77E-04
K01484,3.44E-06
K01485,6.75E-05
K01486,1.58E-04
K01487,2.81E-04
K01480,2.61E-04
K01483,4.84E-06
K01664,3.09E-05
K01665,2.17E-04
K01666,1.02E-04
K01667,2.74E-04
K01661,2.66E-04
K01662,7.17E-04
K02468,2.34E-05
K02467,4.82E-06
K05306,2.50E-04
K05305,5.94E-05
K05304,2.47E-05
K01669,5.14E-06
K02461,2.25E-05
K02460,7.12E-06
K01466,1.98E-05
K01467,4.03E-04
K01464,1.05E-04
K01465,5.60E-04
K01462,1.01E-03
K01463,4.63E-04
K01460,7.43E-06
K13599,1.38E-05
K13598,4.28E-06
K01468,3.62E-04
K02863,1.08E-03
K01541,1.70E-06
K02860,6.91E-04
K02867,1.13E-03
K02864,1.05E-03
K13069,2.02E-06
K12136,9.24E-06
K02041,4.46E-05
K02040,6.48E-04
K02043,3.17E-06
K05546,3.67E-06
K02045,7.42E-05
K02044,3.67E-05
K02047,9.78E-05
K02046,1.03E-04
K02049,3.12E-04
K02048,8.25E-05
K06046,2.06E-06
K03212,1.68E-05
K03319,1.14E-04
K03316,2.08E-05
K03317,5.48E-05
K03314,8.92E-06
K03315,3.18E-04
K03312,2.76E-04
K03313,2.98E-04
K03310,8.71E-04
K03311,2.16E-04
K01295,2.68E-05
K05661,2.43E-06
K10832,1.39E-06
K03790,7.23E-05
K05663,1.27E-06
K03796,2.52E-06
K03797,8.97E-04
K03795,6.69E-06
K03798,8.94E-04
K07799,4.82E-05
K13280,4.86E-05
K13283,6.77E-06
K03402,7.12E-04
K03403,4.81E-06
K12289,4.33E-06
K03406,5.23E-04
K03407,6.78E-05
K03404,3.60E-05
K03405,1.43E-05
K03408,1.52E-04
K03409,5.33E-06
K01860,2.09E-06
K03392,2.25E-05
K13021,3.64E-06
K05368,3.32E-06
K12530,1.69E-06
K00122,2.43E-05
K02315,3.83E-04
K02314,7.39E-04
K02317,8.24E-06
K02316,4.72E-04
K06166,2.18E-05
K06167,4.07E-04
K02313,5.40E-04
K03222,5.83E-06
K03223,3.78E-06
K06168,6.92E-04
K00721,9.54E-04
K03226,1.38E-05
K09998,2.17E-05
K03224,9.13E-06
K07320,3.36E-05
K02132,2.96E-06
K07151,2.53E-06
K02019,5.00E-05
K07326,4.87E-06
K02401,7.69E-05
K02400,8.19E-05
K02403,6.51E-06
K08681,1.02E-04
K08680,3.74E-05
K08682,3.65E-06
K12152,5.06E-06
K11755,5.50E-04
K11754,4.37E-04
K11751,1.09E-05
K12409,1.15E-06
K11753,5.27E-04
K11752,4.80E-04
K00681,5.46E-05
K02407,7.04E-05
K00680,1.49E-03
K13936,1.03E-05
K13935,6.24E-06
K02406,2.96E-04
K13933,1.14E-05
K07404,1.57E-04
K13930,6.16E-06
K06073,2.12E-06
K00684,1.09E-04
K09790,4.35E-04
K11991,1.24E-04
K09793,3.42E-04
K09794,1.04E-04
K11996,2.17E-04
K09797,2.94E-04
K09798,1.59E-05
K09799,4.64E-06
K02813,4.72E-06
K02344,1.45E-05
K02402,4.03E-06
K07091,2.53E-05
K07090,4.57E-04
K07095,8.42E-04
K03366,1.24E-05
K13908,5.40E-07
K01449,8.21E-05
K07099,1.87E-04
K07098,5.89E-04
K06132,5.69E-06
K10972,4.88E-06
K07560,8.75E-04
K07567,1.55E-03
K07566,1.06E-03
K07568,8.69E-04
K10979,9.59E-06
K03184,1.98E-06
K09862,1.72E-05
K11192,1.00E-05
K11191,1.00E-05
K09861,3.94E-04
K06306,2.24E-05
K11328,1.86E-06
K02243,5.80E-06
K05779,9.81E-06
K10710,4.52E-05
K10711,6.10E-06
K10716,5.65E-06
K10715,2.73E-06
K11175,7.11E-04
K01929,5.52E-04
K01928,5.29E-04
K07786,1.51E-06
K01923,7.30E-04
K01922,1.28E-05
K01921,6.55E-04
K01920,1.54E-05
K11179,1.01E-04
K01926,6.98E-04
K01925,4.59E-04
K01924,5.75E-04
K05949,9.58E-06
K07789,1.82E-05
K07788,3.33E-06
K00324,1.61E-05
K00325,1.47E-05
K07784,1.57E-05
K07787,1.74E-04
K08163,1.03E-05
K05945,1.11E-04
K07780,3.11E-06
K07783,1.64E-04
K05946,3.97E-04
K06416,5.59E-05
K13735,1.41E-05
K06946,6.49E-06
K06415,4.50E-06
K06412,3.16E-04
K06941,7.59E-04
K06942,6.38E-04
K07148,4.29E-04
K10806,4.11E-05
K07146,4.21E-06
K07145,9.46E-06
K10805,8.42E-06
K06949,7.29E-04
K10800,1.19E-05
K07140,2.10E-06
K13040,9.87E-06
K09139,9.00E-06
K05396,3.76E-05
K09134,1.21E-05
K09136,1.88E-05
K09131,3.02E-05
K01817,3.44E-04
K01816,3.61E-05
K01815,4.91E-04
K01814,5.82E-04
K05808,1.28E-03
K01812,3.40E-04
K01811,4.42E-04
K01810,7.09E-04
K05804,2.16E-05
K05805,3.55E-05
K05807,4.11E-04
K05800,6.93E-05
K05801,1.34E-04
K01819,8.22E-05
K01818,2.01E-04
K04047,3.49E-04
K04046,4.25E-06
K04045,7.03E-06
K04044,2.66E-05
K04043,9.22E-04
K04042,2.23E-04
K04041,4.27E-04
K02069,1.88E-04
K00782,4.08E-04
K00783,8.11E-04
K00784,5.89E-04
K00786,1.98E-04
K11004,7.79E-06
K00036,2.49E-04
K00789,6.38E-04
K00034,6.60E-06
K00033,3.02E-04
K00030,3.72E-05
K00031,4.49E-04
K00533,2.83E-04
K01259,5.21E-06
K01258,6.02E-04
K01809,5.74E-04
K01255,2.11E-05
K01256,7.44E-05
K01251,2.29E-04
K01250,1.26E-05
K01252,1.67E-05
K11787,3.18E-06
K10026,5.44E-05
K09001,6.63E-05
K09002,5.95E-05
K09004,6.67E-06
K09007,4.60E-05
K05245,1.53E-06
K12597,7.59E-07
K02067,2.86E-04
K08234,1.77E-04
K01322,9.33E-05
K08368,3.33E-06
K00253,3.04E-06
K00257,2.83E-04
K01079,3.02E-04
K01078,9.06E-05
K01071,3.27E-05
K01070,2.62E-04
K07023,1.66E-04
K01077,5.43E-04
K01076,2.30E-05
K00810,3.99E-05
K00811,3.72E-04
K00812,3.55E-04
K00817,6.17E-04
K00818,3.53E-04
K00819,9.72E-05
K08304,2.22E-05
K08305,1.41E-05
K08306,6.34E-06
K08307,2.90E-04
K08300,3.03E-05
K08301,3.84E-04
K08302,9.12E-05
K08303,1.03E-03
K02244,8.89E-06
K08308,3.81E-06
K08309,1.13E-04
K05794,8.03E-06
K05795,4.97E-05
K05796,3.06E-05
K05790,6.14E-06
K05791,1.46E-05
K05792,2.25E-05
K01493,9.71E-04
K01492,1.41E-04
K01491,6.71E-04
K01497,5.24E-04
K01496,1.08E-04
K01495,5.78E-04
K01494,7.74E-05
K01673,5.73E-04
K02418,6.23E-05
K02419,7.14E-05
K01677,2.90E-04
K01676,2.93E-04
K02412,9.64E-05
K02413,6.51E-05
K02410,7.99E-05
K01678,3.53E-04
K02416,6.84E-05
K02417,5.97E-05
K02414,1.91E-05
K02538,4.06E-06
K00120,1.08E-05
K01476,7.50E-05
K01470,2.04E-04
K01473,6.00E-06
K00121,1.09E-05
K02782,3.38E-06
K02783,1.26E-05
K02781,6.45E-06
K01479,6.27E-06
K01478,3.34E-05
K02784,9.11E-06
K02478,3.14E-05
K00118,4.52E-06
K10795,4.47E-06
K13059,2.27E-04
K02899,1.73E-03
K02897,4.56E-04
K02895,1.34E-03
K02892,1.20E-03
K13051,7.17E-05
K02890,1.10E-03
K13053,4.53E-06
K01787,2.97E-04
K01786,2.69E-04
K01785,1.06E-03
K01784,1.68E-03
K01783,1.01E-03
K01782,6.74E-06
K01781,1.15E-05
K07357,7.74E-06
K02074,4.43E-05
K02075,3.63E-05
K02077,5.82E-05
K02071,2.58E-04
K02072,2.59E-04
K02073,4.12E-04
K02526,8.29E-05
K02527,3.10E-04
K03309,5.02E-05
K03308,9.78E-04
K02520,9.21E-04
K02521,2.05E-05
K03305,5.09E-04
K03304,2.12E-06
K03307,5.21E-04
K03306,1.86E-04
K03300,3.37E-05
K03303,1.65E-04
K02529,1.34E-03
K09901,7.10E-06
K10680,4.24E-06
K10830,7.77E-07
K02099,2.26E-04
K03781,1.53E-04
K03780,1.22E-04
K03783,5.83E-04
K03782,8.62E-06
K03785,2.04E-04
K03784,2.35E-04
K03787,4.51E-04
K03786,6.52E-04
K03789,2.33E-04
K03788,1.07E-05
K01249,2.45E-06
K02588,6.86E-05
K03411,1.04E-04
K03410,9.05E-05
K03413,1.84E-04
K03412,8.77E-05
K03415,7.31E-05
K03414,3.46E-06
K02791,4.84E-05
K06925,8.83E-04
K13431,1.88E-06
K02570,8.80E-06
K06159,1.40E-06
K06186,1.57E-05
K01067,1.18E-04
K02626,1.86E-05
K09650,1.25E-04
K06173,7.23E-04
K06175,1.12E-05
K09960,1.81E-06
K06177,1.83E-04
K06176,1.25E-05
K06179,1.53E-04
K06178,4.06E-04
K06223,4.35E-04
K07403,3.58E-05
K09490,1.85E-05
K10017,9.61E-06
K14058,7.95E-05
K12239,2.92E-06
K10016,1.78E-05
K13542,6.11E-05
K13540,2.27E-06
K13541,3.12E-06
K05374,2.90E-06
K09906,1.05E-05
K14267,3.81E-06
K12144,1.05E-05
K12410,8.11E-04
K12141,1.49E-05
K12140,1.64E-05
K12143,5.45E-06
K12142,3.38E-06
K07650,2.64E-06
K12148,4.82E-05
K07313,2.24E-05
K07310,1.91E-06
K00343,2.32E-04
K07316,7.13E-05
K07317,1.47E-06
K07314,3.49E-06
K07315,6.60E-05
K12206,9.19E-07
K13940,3.19E-05
K07319,2.47E-04
K04336,4.75E-06
K06918,5.71E-06
K07798,1.23E-04
K12527,1.14E-04
K12525,7.86E-06
K12524,1.81E-04
K12523,4.33E-06
K12522,2.31E-06
K09789,1.76E-04
K09788,3.00E-05
K09787,2.29E-04
K02834,9.08E-04
K11616,1.03E-05
K08162,5.65E-06
K09781,1.26E-05
K12528,6.42E-06
K06333,4.75E-05
K13038,5.21E-04
K03540,1.59E-05
K10560,2.37E-06
K10563,1.38E-04
K10562,3.06E-06
K13788,7.04E-06
K06858,2.82E-06
K02839,5.13E-05
K06859,8.18E-05
K07559,3.86E-05
K07229,5.98E-06
K07227,4.72E-06
K07224,4.86E-06
K07225,6.76E-06
K07223,8.42E-05
K07220,2.60E-04
K07221,1.17E-04
K06310,4.42E-05
K06313,5.82E-06
K03931,8.64E-05
K10709,2.87E-05
K04753,9.89E-06
K01113,4.79E-05
K03757,2.33E-05
K11384,2.48E-05
K10705,2.31E-05
K11383,4.05E-05
K11381,1.01E-04
K11147,3.32E-06
K03207,8.42E-06
K05970,6.68E-04
K05971,5.77E-05
K05972,6.39E-06
K05984,1.11E-05
K05979,9.32E-06
K00331,3.66E-04
K00330,4.61E-04
K00333,1.23E-05
K00332,1.49E-05
K00335,2.48E-04
K00334,6.19E-04
K00337,2.93E-04
K00336,3.12E-04
K00339,3.56E-04
K00338,4.20E-04
K08659,1.13E-04
K06405,2.35E-04
K06404,9.08E-05
K07138,3.76E-04
K06950,1.72E-03
K10819,1.24E-04
K06400,4.40E-04
K06403,9.19E-05
K06954,7.81E-06
K07132,1.58E-05
K07133,1.82E-03
K07130,1.49E-04
K06958,5.36E-04
K06409,2.34E-04
K07137,7.16E-04
K09128,2.95E-05
K09123,2.12E-05
K03613,6.15E-04
K09121,8.12E-05
K09125,2.66E-04
K09124,1.35E-05
K01866,5.95E-04
K01867,7.20E-04
K01865,3.37E-05
K05813,8.82E-05
K07455,7.24E-05
K01868,6.07E-04
K01869,6.18E-04
K05817,5.72E-06
K05816,2.96E-05
K05815,6.86E-05
K07106,3.32E-04
K04032,3.80E-05
K04033,2.21E-06
K04030,7.29E-05
K04031,8.86E-05
K10844,5.60E-05
K04034,9.30E-05
K04035,2.74E-05
K02234,5.60E-06
K01236,1.48E-05
K07046,2.50E-05
K07047,9.77E-05
K07045,1.97E-04
K07042,3.77E-04
K07043,6.30E-04
K07040,3.49E-04
K00798,5.35E-04
K00797,2.05E-04
K00024,8.07E-04
K00027,2.84E-04
K01234,1.95E-04
K00793,7.88E-04
K00020,4.48E-05
K00791,8.94E-04
K00790,8.60E-04
K09017,6.73E-06
K01269,4.39E-04
K09015,2.55E-04
K09014,3.95E-04
K09013,6.65E-04
K09011,1.64E-04
K01412,2.32E-05
K01262,7.71E-04
K01265,1.29E-03
K01266,6.06E-05
K01267,9.73E-05
K08227,1.78E-05
K06144,1.06E-05
K08225,3.72E-06
K08224,1.71E-05
K08223,2.15E-04
K08222,1.25E-05
K10039,1.22E-04
K10038,6.24E-05
K10037,1.38E-05
K10036,1.04E-04
K08660,9.07E-05
K06146,2.33E-06
K06988,5.31E-06
K02334,2.29E-04
K04788,7.90E-07
K07692,1.02E-04
K04784,4.90E-06
K05613,3.47E-06
K04786,4.12E-06
K01414,4.59E-05
K04781,1.77E-06
K04783,1.47E-06
K00249,8.14E-06
K00248,5.22E-04
K00241,4.10E-04
K00240,5.11E-04
K00243,4.51E-04
K00242,6.67E-06
K00245,7.90E-05
K00244,3.71E-04
K00247,6.56E-06
K02854,8.19E-06
K04767,4.55E-05
K04764,2.47E-04
K01061,2.84E-05
K02669,1.92E-04
K04763,8.91E-04
K04760,3.87E-05
K04761,3.16E-04
K02667,1.52E-04
K02666,3.98E-06
K02660,5.33E-06
K02662,2.93E-05
K02586,1.52E-06
K13602,1.67E-06
K00809,8.39E-06
K02817,1.83E-06
K00806,7.53E-04
K00805,2.17E-04
K00803,1.64E-05
K10538,6.45E-06
K00801,1.25E-05
K00800,5.65E-04
K08313,1.29E-05
K08312,3.91E-06
K08311,7.05E-05
K08310,1.27E-05
K08317,4.28E-06
K08316,2.93E-04
K08315,1.49E-05
K08314,7.54E-06
K08319,5.01E-06
K08318,2.52E-06
K02404,4.64E-05
K02587,5.84E-06
K05782,1.80E-06
K05781,1.85E-05
K05780,6.28E-06
K05787,1.65E-05
K05786,8.79E-05
K05785,3.24E-05
K14392,2.99E-05
K14393,1.39E-06
K05789,4.61E-06
K05788,4.92E-05
K12058,1.38E-05
K02409,3.38E-05
K02408,8.09E-05
K01689,8.42E-04
K01686,5.49E-04
K01687,6.81E-04
K01684,5.68E-05
K01685,4.27E-04
K02405,8.34E-05
K05364,6.64E-05
K05367,1.32E-04
K05366,4.23E-04
K02799,4.73E-05
K02798,7.85E-05
K01442,7.36E-04
K01443,6.40E-04
K01444,2.43E-06
K01446,5.72E-06
K01447,1.94E-03
K01448,7.76E-04
K02790,4.84E-05
K02793,5.17E-05
K02795,5.72E-05
K02794,1.30E-04
K02796,8.79E-05
K13049,2.81E-05
K00941,6.38E-04
K02888,1.42E-03
K13043,2.67E-04
K02884,1.51E-03
K02887,1.22E-03
K02886,7.69E-04
K02881,1.19E-03
K04564,6.94E-04
K04565,2.53E-05
K01046,4.14E-05
K02068,2.84E-04
K01040,8.35E-05
K01041,2.06E-04
K01042,4.47E-05
K05568,5.40E-05
K02063,1.44E-05
K02062,4.83E-06
K01048,1.60E-04
K02066,4.45E-04
K02065,4.55E-04
K02064,4.70E-06
K02535,2.85E-04
K02536,3.90E-04
K04517,2.36E-04
K02532,2.38E-05
K03331,9.48E-06
K03332,1.28E-06
K03335,7.91E-05
K03336,6.25E-05
K03337,8.69E-05
K02086,3.97E-06
K02081,1.89E-04
K02080,2.57E-05
K02083,3.66E-06
K02082,2.46E-05
K13831,1.82E-06
K06320,1.10E-04
K04516,2.69E-04
K12957,4.48E-06
K12952,1.17E-06
K07039,3.50E-06
K03429,6.13E-05
K03424,9.67E-04
K03426,4.42E-04
K03427,9.74E-04
K03420,7.51E-06
K03930,3.24E-05
K03423,3.29E-04
K03756,7.13E-05
K03205,8.69E-04
K03755,6.12E-06
K03752,2.82E-05
K03753,4.53E-05
K03750,7.56E-05
K03203,4.67E-06
K00109,1.19E-05
K03208,3.79E-06
K03758,1.03E-05
K03759,8.51E-06
K06148,4.81E-04
K06149,1.02E-05
K02339,1.06E-05
K02338,7.04E-04
K02337,4.71E-04
K02336,4.94E-06
K02335,4.42E-04
K06147,2.67E-03
K06140,5.69E-06
K06141,1.85E-05
K06142,1.59E-03
K06143,5.78E-05
K09469,1.06E-05
K00150,2.26E-06
K06205,1.80E-05
K07445,7.11E-06
K03688,5.20E-05
K02618,9.56E-06
K03683,8.99E-06
K03684,2.73E-05
K03685,5.73E-04
K03686,8.49E-04
K03687,7.63E-04
K10793,7.07E-06
K07774,4.61E-05
K05648,5.59E-07
K06204,4.33E-05
K07776,1.09E-04
K07301,4.93E-04
K03111,1.69E-03
K03112,1.80E-06
K03113,5.76E-04
K07305,9.18E-05
K07304,1.89E-04
K03116,6.95E-04
K03117,3.44E-05
K03118,4.54E-04
K07770,4.15E-05
K13953,1.06E-05
K13954,3.22E-05
K07771,6.42E-06
K03110,6.94E-04
K02617,9.72E-06
K07772,6.70E-06
K07300,1.87E-05
K05937,7.55E-06
K07302,5.87E-06
K02612,1.96E-05
K05939,1.61E-05
K02613,9.19E-06
K11607,5.59E-06
K13734,1.05E-05
K11605,2.17E-05
K11604,9.19E-06
K10559,1.96E-05
K07307,1.27E-05
K11176,1.15E-04
K10550,2.38E-06
K10551,3.16E-06
K07306,2.03E-05
K07309,5.89E-06
K01720,1.37E-06
K08173,8.37E-06
K06398,2.13E-04
K12059,3.65E-06
K06890,1.47E-04
K06891,1.73E-04
K06896,6.99E-04
K06897,1.95E-04
K06894,1.00E-04
K06895,3.46E-04
K07235,2.14E-05
K10955,2.00E-06
K06898,1.06E-04
K07236,6.51E-06
K07230,3.76E-05
K07233,1.01E-05
K07232,3.19E-06
K09686,9.66E-04
K09687,1.44E-03
K09684,4.94E-06
K09685,4.70E-05
K10826,1.26E-05
K09680,2.00E-04
K09681,2.56E-06
K05351,5.01E-06
K02787,7.66E-06
K11779,3.46E-06
K00378,3.69E-04
K02464,1.58E-05
K00813,2.02E-05
K01668,7.07E-06
K11391,8.71E-06
K11392,1.35E-05
K05966,1.28E-05
K12600,3.27E-05
K05964,1.05E-05
K00494,2.72E-05
K05968,1.99E-04
K11153,1.82E-05
K11152,1.54E-05
K04567,6.68E-04
K10544,9.81E-06
K08641,1.58E-04
K00658,1.11E-04
K13590,1.16E-05
K00656,6.28E-04
K00657,5.22E-04
K00655,6.35E-04
K00652,3.80E-04
K00302,1.60E-04
K00651,4.96E-04
K10829,2.07E-05
K06438,8.63E-05
K07120,4.27E-06
K07122,2.95E-05
K07124,3.74E-04
K07127,4.50E-05
K07126,2.68E-04
K04062,2.58E-05
K01870,4.49E-04
K01873,4.89E-04
K01872,4.58E-04
K01875,6.08E-04
K01874,5.16E-04
K01876,6.34E-04
K01879,6.41E-05
K01878,8.44E-05
K06956,5.28E-05
K04561,1.44E-05
K04021,3.32E-06
K04020,4.58E-06
K04023,6.64E-05
K04022,3.88E-06
K04025,9.22E-06
K04024,8.53E-05
K04027,1.41E-04
K04026,1.04E-04
K04029,2.66E-05
K04028,7.25E-05
K08172,1.40E-05
K13888,5.01E-05
K00018,3.83E-04
K00019,2.86E-05
K07056,1.04E-03
K07051,1.38E-05
K07050,1.16E-04
K07053,3.77E-04
K07052,6.29E-04
K00010,1.80E-04
K00011,3.20E-05
K00012,8.62E-04
K00013,4.81E-04
K00014,6.87E-04
K07058,4.14E-04
K00016,2.70E-04
K05681,3.46E-06
K12555,2.24E-06
K05311,3.47E-05
K01355,1.28E-05
K08252,6.68E-05
K08253,1.20E-05
K09251,3.94E-05
K10040,1.27E-04
K10041,1.26E-04
K10046,2.97E-06
K00275,1.76E-04
K09252,5.59E-06
K00278,3.82E-04
K11606,5.51E-06
K01308,2.14E-05
K01303,9.63E-05
K01305,6.80E-05
K01304,9.39E-05
K02658,1.21E-05
K04774,2.22E-06
K04771,1.56E-06
K04770,8.86E-06
K04773,2.86E-04
K04772,7.53E-06
K05683,5.18E-06
K02652,6.30E-05
K02653,7.99E-05
K02654,1.51E-04
K05685,6.59E-05
K00049,2.36E-06
K00878,2.38E-04
K00879,7.30E-05
K13638,5.23E-06
K13639,5.03E-06
K00872,1.49E-04
K00873,5.68E-04
K00870,6.94E-07
K13637,2.20E-05
K00876,1.13E-03
K00877,1.14E-05
K00874,6.06E-04
K04487,6.25E-04
K04486,5.34E-04
K04485,4.79E-04
K08277,6.00E-06
K05275,3.44E-05
K04488,5.43E-04
K01277,2.90E-04
K02042,6.03E-05
K01273,2.49E-04
K01271,4.01E-04
K01270,8.40E-04
K05776,1.68E-04
K05541,2.81E-05
K05774,1.75E-05
K05775,1.52E-05
K05772,4.71E-06
K01278,6.58E-03
K01699,9.82E-06
K01698,1.41E-04
K01695,4.55E-04
K01694,6.21E-06
K01697,1.25E-05
K01696,4.12E-04
K01690,5.04E-06
K01693,3.39E-04
K01692,1.32E-04
K00906,8.09E-06
K03700,1.31E-04
K00903,1.81E-04
K00900,2.26E-06
K00901,3.82E-04
K01457,1.06E-05
K01453,2.23E-05
K01451,1.80E-04
K01522,1.76E-06
K08479,6.29E-06
K04568,5.81E-06
K01053,2.62E-06
K01051,3.51E-04
K01057,2.83E-04
K01056,7.51E-04
K01054,2.68E-06
K08070,2.86E-04
K01058,4.47E-05
K05516,3.24E-04
K05517,2.82E-05
K05515,3.73E-04
K02500,5.78E-04
K02501,7.25E-04
K02502,1.14E-04
K02503,1.09E-03
K02504,2.42E-05
K02505,1.49E-05
K02507,3.96E-06
K02509,2.94E-06
K07096,5.28E-06
K00113,5.79E-05
K10820,3.22E-06
K02415,9.93E-06
K13938,6.29E-06
K09516,5.40E-05
K11781,3.65E-06
K12945,1.77E-05
K12941,2.66E-05
K12940,7.77E-05
K12943,2.07E-05
K12942,1.86E-04
K02434,2.18E-04
K02435,2.48E-04
K03439,7.13E-04
K02437,7.19E-04
K05350,1.03E-04
K11784,2.56E-05
K08100,2.40E-06
K02433,2.33E-04
K03925,6.54E-04
K03924,8.24E-04
K03431,3.92E-04
K03430,1.73E-04
K03437,5.17E-04
K03436,1.66E-04
K03435,2.02E-05
K03745,1.02E-05
K03744,8.07E-04
K03747,4.93E-06
K03210,1.11E-03
K03217,4.47E-04
K03216,5.46E-04
K03743,1.56E-04
K03742,4.61E-04
K13890,2.06E-05
K13891,2.40E-05
K13892,1.15E-05
K03218,6.59E-04
K03749,1.78E-05
K03748,1.10E-04
K13896,3.50E-05
K09908,1.30E-05
K02348,1.03E-04
K06158,7.56E-04
K02380,1.89E-05
K07719,4.40E-06
K02342,9.30E-04
K02343,4.69E-04
K02340,4.11E-04
K02341,5.05E-04
K02346,4.97E-04
K02347,1.45E-06
K06155,2.34E-05
K07238,4.38E-04
K03697,3.00E-05
K03696,5.40E-04
K03695,6.10E-04
K03694,1.16E-04
K09478,2.13E-06
K03690,7.22E-06
K09475,2.11E-06
K09474,4.50E-05
K09477,9.89E-06
K09476,6.38E-06
K09471,4.52E-06
K03699,8.52E-04
K03698,2.19E-04
K03327,6.71E-04
K03326,1.04E-04
K03325,5.95E-05
K03324,1.48E-05
K03322,2.45E-04
K03321,3.67E-04
K03320,2.58E-04
K06211,1.88E-05
K07237,1.63E-05
K03329,6.91E-06
K03328,4.73E-04
K06899,8.03E-06
K13963,7.66E-05
K00366,4.41E-05
K07334,2.59E-04
K03106,1.07E-02
K07336,3.27E-06
K07337,1.50E-05
K03101,6.15E-04
K03100,1.26E-03
K00852,2.90E-04
K10122,4.56E-06
K04758,7.61E-04
K01505,5.48E-06
K11940,6.40E-06
K11941,4.01E-06
K04755,2.78E-05
K04754,2.06E-05
K13525,4.59E-06
K11016,2.25E-06
K01501,3.41E-05
K04752,2.59E-05
K11074,6.17E-06
K06714,1.62E-05
K13288,5.99E-05
K06881,5.51E-04
K06331,1.63E-05
K06330,1.35E-05
K06885,1.52E-04
K06884,9.80E-06
K06887,9.22E-06
K06334,2.23E-04
K06889,1.22E-03
K11070,4.65E-04
K10941,4.42E-05
K09858,1.73E-05
K10947,9.45E-04
K09695,4.07E-06
K09697,1.70E-05
K09696,1.14E-05
K09691,2.19E-04
K09690,2.04E-04
K09693,2.80E-05
K09692,4.49E-05
K11708,2.51E-05
K11709,3.26E-05
K09698,3.43E-05
K05344,9.78E-06
K07590,5.00E-05
K07592,1.29E-05
K03799,1.96E-04
K10764,2.28E-06
K06934,1.52E-04
K12614,1.85E-06
K00483,1.26E-05
K05997,6.10E-06
K05995,1.78E-04
K05992,2.07E-05
K05993,2.10E-04
K07114,9.95E-04
K07115,7.01E-05
K10834,1.60E-04
K10833,1.20E-05
K00648,8.73E-04
K07444,4.02E-04
K07113,8.82E-06
K00645,6.07E-04
K08679,4.31E-06
K07448,7.58E-05
K07118,9.69E-05
K00640,7.10E-04
K00643,1.98E-05
K00314,1.44E-06
K07684,5.02E-05
K10546,1.28E-05
K10545,9.32E-06
K02815,1.15E-05
K10543,1.17E-05
K10542,1.87E-04
K10541,1.77E-04
K07683,4.91E-05
K03819,9.50E-06
K07689,3.27E-05
K10549,4.95E-06
K10548,2.83E-05
K06218,3.17E-05
K01848,5.67E-05
K01849,1.06E-04
K01844,2.42E-04
K01845,1.35E-04
K01847,6.17E-04
K01840,8.91E-04
K01841,5.89E-05
K01843,3.38E-04
K00005,1.66E-04
K13116,2.06E-06
K00003,3.10E-04
K04019,4.64E-05
K00001,6.23E-04
K04014,3.70E-05
K03811,4.34E-04
K04016,1.79E-05
K06219,5.84E-06
K00009,3.98E-05
K00008,1.84E-04
K07062,9.66E-05
K07063,8.44E-06
K03813,2.72E-05
K02469,7.54E-04
K11895,2.06E-05
K02819,1.69E-05
K09902,4.50E-05
K03631,4.49E-04
K03146,4.84E-05
K08483,2.94E-04
K00262,1.14E-03
K00261,4.66E-05
K00260,4.59E-05
K00266,9.12E-04
K00265,1.43E-04
K08484,2.61E-05
K01998,2.61E-04
K01999,2.78E-04
K00462,1.41E-05
K01992,1.02E-03
K01993,7.12E-04
K01990,2.07E-03
K01991,8.97E-04
K01996,3.02E-04
K01997,3.15E-04
K01995,3.54E-04
K07685,1.35E-05
K03828,2.51E-05
K04744,5.17E-05
K01516,7.47E-04
K01514,2.35E-04
K01515,8.28E-04
K01512,5.04E-05
K02466,6.51E-06
K00868,4.83E-04
K13629,1.74E-06
K13628,5.25E-05
K03485,2.25E-05
K00860,2.48E-04
K00863,6.05E-06
K13620,3.60E-06
K00865,2.88E-04
K00864,3.83E-04
K00867,1.53E-05
K01192,1.44E-04
K01193,1.75E-04
K01190,2.06E-03
K01191,1.67E-04
K01036,3.79E-06
K01197,1.21E-04
K01194,1.89E-05
K01195,1.31E-04
K01198,2.28E-04
K01199,3.66E-06
K03228,2.86E-06
K01200,2.90E-04
K01201,1.87E-04
K01206,1.06E-03
K01207,2.48E-04
K01204,1.81E-06
K01205,1.93E-04
K08464,6.14E-06
K01208,4.72E-05
K01209,7.95E-04
K03199,9.67E-06
K06164,6.38E-06
K06165,3.99E-06
K01499,2.45E-06
K01428,9.09E-05
K01429,7.92E-06
K11541,4.45E-06
K00912,3.18E-04
K01422,2.06E-04
K01423,2.32E-04
K01420,4.02E-04
K01421,1.62E-04
K00919,6.90E-04
K01427,1.36E-06
K01424,8.40E-04
K01425,3.64E-04
K03389,6.69E-05
K02749,5.81E-06
K03227,9.00E-06
K02647,3.52E-04
K08068,4.13E-06
K14287,1.93E-06
K05501,2.79E-05
K14534,4.58E-05
K11214,8.12E-06
K03594,3.17E-04
K03595,5.61E-04
K03596,5.85E-04
K03597,1.36E-05
K03590,2.96E-04
K03591,2.25E-06
K02519,5.49E-04
K03593,4.41E-04
K02517,3.43E-04
K03919,3.58E-06
K03598,2.81E-05
K03599,3.55E-05
K02510,1.80E-05
K01736,6.92E-04
K01737,7.51E-04
K01734,1.03E-03
K01735,5.00E-04
K01733,6.37E-04
K01730,2.63E-05
K09729,2.59E-05
K03119,2.73E-06
K01738,8.94E-04
K01739,3.87E-05
K13403,2.30E-06
K10823,4.96E-06
K12972,3.68E-05
K12973,4.60E-06
K12974,5.04E-06
K12975,4.05E-06
K07821,4.54E-06
K05343,3.62E-05
K02422,1.68E-04
K05341,6.07E-05
K05340,1.75E-04
K02427,4.55E-05
K02426,6.05E-04
K05349,1.53E-03
K02428,4.33E-04
K03825,1.80E-05
K03770,2.73E-04
K03771,3.52E-04
K03772,4.67E-05
K03773,4.28E-04
K03774,3.24E-05
K03775,5.51E-04
K03776,1.07E-05
K03777,1.90E-05
K03778,4.24E-04
K03779,1.49E-04
K11900,8.95E-06
K12372,4.25E-05
K12373,1.40E-03
K12370,1.87E-05
K12371,1.82E-05
K02358,8.35E-04
K01430,2.93E-05
K11903,8.76E-06
K02355,1.44E-03
K02357,8.09E-04
K02356,9.23E-04
K13574,1.35E-05
K09935,5.79E-05
K12112,5.20E-06
K12113,2.37E-06
K13979,2.43E-05
K12111,1.12E-05
K09992,7.41E-06
K12288,2.84E-06
K03179,8.57E-05
K09996,3.12E-05
K09997,3.21E-06
K09994,5.38E-06
K07323,2.67E-05
K07322,4.96E-04
K07321,1.17E-04
K09999,8.81E-06
K04762,5.00E-04
K03177,7.80E-04
K01144,3.06E-04
K11953,4.06E-06
K02569,9.84E-06
K11181,5.72E-06
K02553,3.22E-05
K12574,2.88E-04
K13889,7.61E-05
K12573,4.21E-04
K05615,1.50E-06
K11005,1.20E-05
K13641,7.66E-05
K11003,3.39E-06
K07217,5.95E-05
K07216,1.46E-04
K07214,3.34E-04
K07213,1.27E-05
K10230,6.11E-06
K01146,4.03E-06
K07219,2.84E-06
K07218,3.79E-06
K04775,5.67E-06
K00303,2.53E-05
K00539,1.32E-05
K06180,1.64E-03
K06181,3.07E-05
K06182,1.08E-04
K06183,3.65E-04
K06184,6.25E-06
K11717,3.88E-04
K06187,8.12E-04
K06188,2.95E-04
K06189,1.56E-04
K05916,2.14E-05
K07589,3.27E-05
K07588,3.88E-04
K07586,5.13E-06
K07584,2.05E-04
K00153,1.35E-06
K10440,1.59E-04
K10441,1.87E-04
K05989,3.37E-04
K05985,1.25E-04
K01043,5.20E-04
K05982,3.46E-06
K07451,3.02E-06
K07102,3.21E-05
K07101,6.07E-05
K07452,4.48E-05
K07107,1.26E-03
K07454,1.41E-05
K07105,2.20E-04
K07456,4.31E-04
K07459,5.29E-05
K07458,3.49E-04
K07109,1.59E-05
K00673,4.50E-06
K00674,1.60E-04
K00675,5.42E-06
K00676,3.74E-04
K00677,7.41E-04
K06989,2.09E-04
K10530,3.79E-06
K07690,3.80E-06
K10536,2.64E-04
K10537,2.37E-06
K07112,4.69E-05
K06980,8.96E-06
K09893,1.40E-05
K07699,2.70E-04
K10539,1.74E-05
K06985,1.63E-05
K06987,6.51E-05
K02445,1.27E-04
K09688,2.79E-06
K02112,5.94E-04
K10190,1.06E-04
K10191,3.18E-06
K10192,4.53E-05
K10193,2.89E-05
K10194,3.15E-05
K05327,1.24E-06
K01858,2.05E-04
K05321,2.96E-06
K00588,8.02E-05
K01850,2.49E-04
K01857,7.23E-06
K01856,1.55E-05
K01854,5.98E-04
K13630,4.55E-05
K00073,1.12E-05
K13934,9.69E-06
K00076,1.12E-05
K00077,4.16E-04
K00074,6.09E-04
K00075,6.03E-04
K00078,1.99E-05
K13932,1.05E-05
K07079,5.14E-04
K07078,4.57E-04
K07076,6.70E-05
K07075,7.87E-04
K07074,2.92E-05
K02560,2.43E-06
K07071,1.04E-04
K07070,1.17E-05
K08279,1.84E-04
K08276,4.58E-06
K02565,6.11E-06
K00299,4.05E-06
K00297,6.11E-04
K00294,6.03E-05
K08475,5.88E-06
K00293,1.36E-05
K00290,5.15E-04
K00015,2.47E-05
K01989,3.46E-04
K00108,2.71E-06
K00459,1.95E-04
K00104,1.14E-04
K00102,2.07E-05
K00100,1.50E-03
K00101,1.52E-05
K00854,4.06E-04
K00855,1.33E-05
K00856,6.53E-06
K00857,5.52E-04
K00850,2.02E-03
K00851,3.34E-05
K04759,6.91E-04
K00853,2.21E-04
K01507,7.70E-04
K01506,4.27E-04
K00858,5.21E-04
K01500,3.55E-04
K04751,6.27E-04
K04750,5.23E-06
K09689,3.47E-06
K01181,1.36E-04
K01183,5.28E-05
K01182,1.73E-04
K01185,4.00E-05
K01187,1.17E-03
K01186,2.12E-04
K01188,4.46E-04
K04358,3.64E-06
K02423,3.35E-05
K01210,2.68E-05
K01213,1.71E-04
K01212,3.20E-04
K01215,2.41E-06
K01216,5.62E-05
K01219,3.56E-06
K01218,1.51E-04
K08606,3.38E-06
K09795,1.41E-06
K09914,4.08E-06
K02746,2.64E-05
K02747,6.69E-05
K02744,1.67E-05
K02745,8.92E-05
K02742,3.91E-06
K01439,1.44E-04
K01438,2.78E-04
K02594,1.27E-05
K00924,1.07E-04
K00925,7.70E-04
K00926,1.75E-04
K00927,7.13E-04
K00928,7.97E-04
K00929,1.25E-02
K01433,2.06E-04
K01436,2.27E-04
K10124,1.17E-05
K02421,8.72E-05
K05539,2.58E-05
K08296,1.45E-05
K08297,6.13E-06
K02986,9.55E-04
K10126,4.46E-05
K02982,8.64E-04
K02988,1.09E-03
K08298,5.64E-06
K08299,2.61E-06
K03583,6.21E-06
K02299,3.70E-06
K03581,2.76E-04
K03580,9.92E-06
K03587,6.69E-03
K03586,1.74E-05
K03585,1.04E-03
K03584,6.14E-04
K02562,3.87E-06
K02563,6.45E-04
K03589,3.40E-04
K03588,4.17E-04
K02566,8.04E-05
K02567,2.40E-05
K02564,9.29E-04
K02297,2.33E-06
K03817,2.43E-05
K01726,6.41E-04
K12963,4.07E-05
K12962,6.98E-06
K12961,3.97E-06
K12960,1.70E-04
K02598,2.01E-05
K01729,7.95E-06
K01728,2.30E-04
K02849,4.90E-06
K08259,1.95E-04
K02848,1.52E-05
K11477,5.53E-06
K14062,4.10E-06
K02024,2.54E-05
K02188,2.50E-04
K02189,1.82E-04
K03518,4.48E-04
K02182,3.25E-06
K02022,1.30E-04
K02364,8.09E-06
K12369,3.36E-05
K02361,1.70E-04
K03769,4.26E-05
K03768,8.90E-04
K03767,8.78E-05
K03765,1.54E-05
K03764,1.82E-05
K03763,2.48E-04
K03762,1.15E-05
K03761,1.07E-05
K03760,3.87E-05
K09457,4.47E-04
K09456,4.24E-06
K02160,1.23E-04
K02840,2.67E-06
K04656,7.29E-05
K14048,2.58E-05
K03516,5.96E-06
K09459,5.37E-05
K09458,6.97E-04
K03810,2.52E-06
K02844,1.33E-05
K03340,4.00E-04
K02847,1.86E-06
K02846,4.15E-06
K13985,4.20E-05
K13982,1.79E-06
K13981,5.36E-06
K03169,9.36E-04
K03168,4.39E-04
K09985,4.27E-06
K09989,3.09E-05
K09988,5.41E-05
K02533,2.52E-05
K12297,9.87E-06
K12368,1.21E-05
K11923,1.13E-05
K11921,7.70E-05
K11926,5.82E-06
K11927,4.47E-04
K11924,5.09E-06
K11925,8.61E-06
K11928,2.09E-04
K13181,1.01E-06
K03928,3.60E-06
K14052,1.73E-05
K13247,2.46E-06
K08354,5.93E-06
K10973,1.49E-05
K11031,3.02E-05
K07262,1.73E-05
K07263,3.90E-04
K07260,2.57E-04
K07261,4.20E-06
K07266,1.15E-05
K07267,1.17E-05
K07264,8.76E-06
K12582,3.14E-05
K07268,1.77E-06
K07269,3.46E-06
K10974,5.77E-05
K02167,3.85E-06
K10975,1.60E-06
K13571,3.80E-06
K06199,5.07E-04
K06196,3.92E-05
K06195,2.95E-05
K06194,2.21E-04
K06193,2.25E-05
K06192,1.60E-05
K06191,9.22E-06
K06190,3.33E-05
K11104,8.41E-05
K11105,2.91E-04
K11106,1.17E-05
K11107,9.22E-06
K11102,1.93E-05
K11103,1.43E-05
K10986,1.27E-05
K07862,1.32E-04
K10984,4.90E-06
K01118,1.18E-05
K09133,7.04E-06
K00666,2.23E-04
K01119,2.25E-04
K07696,5.01E-06
K00662,4.21E-05
K00661,9.29E-04
K00660,2.32E-06
K02205,2.54E-06
K06997,6.92E-04
K06996,1.40E-04
K10852,5.60E-05
K07469,1.02E-06
K10857,3.34E-06
K06990,1.13E-05
K07464,1.58E-04
K10858,5.12E-06
K07467,8.83E-05
K07460,6.03E-04
K07461,1.15E-04
K07462,4.81E-04
K06998,7.24E-05
K02168,3.31E-05
K07668,5.39E-04
K02651,1.27E-04
K07666,6.36E-05
K07667,4.02E-04
K07664,6.59E-05
K07665,7.87E-04
K07662,4.93E-05
K07663,8.96E-05
K07660,1.26E-05
K07661,6.29E-05
K10679,3.69E-05
K07487,2.54E-04
K07484,5.73E-04
K07485,3.92E-05
K07482,6.92E-05
K07483,2.60E-04
K07480,5.57E-05
K07481,6.10E-05
K10671,4.80E-05
K10670,2.34E-04
K10673,3.32E-06
K10672,4.80E-05
K00590,5.82E-05
K00595,2.09E-04
K07393,3.60E-05
K00599,2.96E-03
K00598,1.11E-05
K10953,1.68E-07
K00060,7.46E-05
K07643,1.47E-05
K08722,1.68E-04
K00064,9.70E-05
K00067,8.17E-04
K08721,6.79E-06
K09949,4.56E-05
K07645,3.45E-06
K07008,1.53E-05
K07009,2.76E-05
K02446,6.24E-05
K07003,2.63E-04
K07000,8.86E-05
K07001,6.27E-04
K07006,4.63E-06
K07007,4.15E-04
K07004,2.83E-06
K07005,5.82E-04
K13634,2.39E-06
K02441,8.71E-05
K13635,4.98E-06
K08260,4.60E-06
K10748,5.01E-06
K13636,4.71E-06
K04103,1.52E-06
K00288,1.15E-05
K00285,1.86E-06
K00284,1.47E-04
K00287,6.49E-04
K00286,6.99E-04
K00281,1.71E-04
K00283,5.63E-05
K00282,9.91E-05
K07716,3.05E-05
K07717,1.81E-06
K07714,3.02E-05
K07715,1.44E-05
K07712,9.50E-05
K07713,3.12E-04
K07711,1.24E-05
K00117,1.37E-05
K00116,1.08E-05
K00111,2.73E-04
K07718,2.41E-04
K10188,9.20E-05
K00843,1.76E-06
K00842,2.72E-05
K02169,2.11E-04
K00840,3.83E-06
K00847,9.46E-04
K00845,1.35E-03
K00844,2.14E-06
K01531,9.11E-05
K00849,5.59E-04
K00848,2.85E-04
K01534,4.57E-04
K01536,7.12E-07
K01537,3.93E-04
K02443,1.36E-04
K02420,9.36E-05
K14195,5.41E-07
K14192,1.01E-06
K02281,3.40E-06
K14358,1.78E-06
K09181,1.89E-04
K12997,5.01E-05
K01880,5.80E-04
K01881,6.55E-04
K01883,5.55E-04
K01885,6.56E-04
K01886,4.72E-04
K01887,5.23E-04
K08591,3.07E-04
K01889,6.03E-04
K01226,6.96E-05
K01227,5.58E-06
K01220,4.87E-06
K01222,3.29E-05
K01223,3.00E-04
K01156,5.89E-05
K01157,1.92E-06
K01154,1.20E-03
K01155,3.97E-04
K01152,2.85E-06
K01153,6.74E-04
K01150,1.61E-05
K01151,7.54E-04
K02755,2.05E-04
K02757,2.16E-04
K02756,2.16E-04
K01408,1.13E-05
K01409,7.79E-04
K02753,1.20E-05
K01159,6.59E-04
K13771,3.90E-05
K00939,8.80E-04
K00938,2.78E-06
K00937,5.23E-04
K00936,2.40E-03
K00932,1.30E-05
K00931,5.45E-04
K00930,6.24E-04
K05523,2.74E-06
K05522,3.10E-06
K05521,2.34E-04
K05520,1.23E-05
K05527,1.88E-05
K05526,2.40E-06
K05524,3.89E-05
K12519,6.36E-06
K02621,2.60E-04
K02992,1.19E-03
K02623,2.36E-06
K02622,2.91E-04
K08281,3.54E-05
K02996,1.10E-03
K02994,1.08E-03
K01081,2.66E-04
K08289,2.49E-04
K01085,1.01E-05
K01579,7.68E-04
K07694,1.17E-05
K00322,1.71E-05
K05778,3.01E-06
K03578,2.67E-05
K03579,1.80E-05
K03576,1.90E-05
K03082,2.14E-05
K03574,7.85E-04
K03575,4.38E-04
K03572,4.38E-04
K02574,1.49E-04
K03570,5.45E-04
K03571,1.43E-04
K01710,1.35E-03
K01711,4.24E-04
K01712,2.91E-04
K07027,3.27E-04
K01714,8.74E-04
K01715,2.99E-04
K01716,3.25E-06
K05777,2.24E-05
K01718,2.73E-06
K01719,4.78E-04
K12511,4.22E-05
K06238,3.99E-07
K03972,4.43E-05
K03973,2.61E-05
K03970,1.05E-05
K01577,8.77E-06
K03976,6.67E-04
K03977,6.74E-04
K03974,1.04E-05
K03975,2.11E-04
K03978,7.12E-04
K03979,6.27E-04
K09937,1.17E-05
K02199,4.21E-05
K02198,7.98E-05
K13378,2.28E-04
K14170,2.21E-04
K08138,1.47E-04
K08137,3.79E-05
K02192,1.21E-05
K02191,3.00E-05
K02190,3.83E-04
K02197,2.31E-05
K02196,2.86E-05
K02195,7.51E-05
K02194,2.55E-05
K13195,6.27E-05
K01026,1.27E-04
K02371,6.35E-04
K03719,4.81E-04
K02377,3.74E-04
K03712,1.72E-04
K07781,3.74E-06
K03710,2.13E-04
K03711,1.43E-03
K03716,4.54E-05
K03717,1.36E-05
K07029,8.40E-04
K03488,1.69E-04
K13832,1.70E-06
K02170,6.05E-06
K02173,1.66E-05
K02172,1.52E-05
K03482,3.24E-06
K02009,5.67E-05
K03480,5.33E-05
K07782,3.17E-06
K03486,2.90E-05
K03487,1.17E-05
K03484,1.55E-04
K01751,1.08E-04
K00709,3.16E-06
K12262,3.87E-06
K02283,3.20E-04
K02282,6.99E-06
K03808,2.40E-05
K03809,1.15E-05
K03806,4.42E-05
K06940,1.04E-04
K03804,2.62E-05
K03805,3.12E-06
K03803,2.57E-04
K03800,2.25E-04
K03801,4.51E-04
K03154,4.55E-04
K03624,1.11E-03
K03625,5.90E-04
K03150,6.33E-04
K07149,1.86E-04
K03152,8.14E-04
K03621,3.82E-04
K02001,2.16E-04
K06411,2.06E-04
K13990,1.68E-04
K13993,1.46E-03
K03629,5.07E-04
K07147,3.25E-05
K03394,3.43E-04
K06298,4.88E-05
K02003,3.59E-03
K03390,1.54E-04
K06295,5.27E-05
K02002,1.97E-04
K10804,3.72E-06
K03399,2.98E-05
K11931,1.75E-05
K11930,1.18E-05
K11933,9.51E-06
K11932,4.19E-06
K11935,1.92E-06
K11934,2.11E-04
K11937,5.65E-06
K11936,1.14E-05
K11939,2.59E-06
K05952,2.41E-05
K01792,2.14E-05
K13041,3.82E-05
K07141,7.23E-05
K01044,6.38E-06
K04018,3.52E-06
K12265,1.28E-05
K11929,5.22E-06
K07271,3.71E-04
K07270,1.73E-05
K07273,2.53E-04
K07272,6.92E-06
K07275,3.19E-06
K07274,1.94E-05
K07277,2.55E-04
K07276,9.44E-06
K07279,1.28E-05
K07278,2.79E-05
K09888,6.84E-04
K09882,1.40E-05
K02039,4.90E-04
K12137,7.06E-06
K04013,7.30E-06
K00908,1.10E-06
K11733,1.01E-05
K11732,1.64E-06
K12138,2.40E-06
K12139,1.38E-05
K11735,4.41E-06
K11734,7.16E-06
K06871,7.03E-04
K06872,3.22E-04
K11441,2.88E-06
K11440,1.93E-06
K06877,1.36E-05
K06878,9.17E-05
K06879,1.86E-05
K13255,1.54E-05
K00612,3.24E-06
K00610,5.74E-04
K00611,4.26E-04
K00616,7.07E-04
K00614,3.04E-06
K00615,1.46E-03
K02485,6.74E-06
K00619,1.88E-05
K08710,1.68E-06
K07479,1.51E-05
K07478,5.45E-04
K07473,4.42E-04
K08600,2.28E-04
K08602,1.02E-04
K07474,1.13E-04
K09954,3.79E-05
K09955,5.29E-04
K07679,4.77E-05
K07678,6.29E-05
K09951,2.81E-04
K07675,4.60E-06
K01813,2.48E-04
K07677,3.04E-05
K07676,9.31E-06
K07670,3.24E-05
K07673,6.37E-06
K05809,1.57E-05
K07495,1.02E-04
K07121,2.16E-05
K07497,6.46E-04
K07496,2.51E-04
K07491,7.41E-04
K07490,9.56E-06
K07493,3.95E-04
K07492,5.16E-05
K07498,6.81E-05
K08734,9.95E-07
K11209,2.55E-06
K11208,3.78E-06
K09931,3.35E-06
K11203,9.84E-06
K11202,2.15E-05
K11201,6.02E-06
K08735,5.98E-06
K02439,6.75E-05
K08737,1.43E-06
K00058,8.29E-04
K00059,1.49E-03
K06237,4.15E-07
K00054,4.42E-06
K00055,2.13E-06
K00057,6.04E-04
K00050,8.71E-05
K00052,5.80E-04
K00053,5.93E-04
K07019,1.49E-05
K00984,3.54E-06
K05802,1.59E-05
K08156,3.26E-04
K07011,8.16E-04
K07010,1.33E-04
K07013,4.80E-05
K07012,9.33E-05
K07015,2.13E-04
K07014,2.89E-05
K07017,1.19E-04
K07016,2.57E-05
K10241,2.96E-06
K10242,6.88E-06
K10243,1.12E-05
K13967,1.47E-06
K12309,1.27E-06
K00128,1.21E-04
K07704,1.43E-05
K07707,3.21E-06
K07706,3.50E-06
K07701,1.59E-05
K07700,4.06E-06
K07703,6.47E-06
K07702,6.64E-06
K00432,2.11E-04
K00433,1.67E-05
K02528,6.32E-04
K00123,1.42E-04
K00124,6.28E-05
K07708,1.55E-05
K00127,4.18E-05
K09786,1.79E-06
K07265,1.65E-05
K12264,8.83E-06
K14187,1.80E-05
K05884,2.23E-05
K05885,1.46E-04
K05886,1.80E-05
K05887,2.06E-05
K05880,2.31E-05
K14348,2.94E-06
K05882,7.22E-05
K07186,7.92E-06
K08972,2.07E-05
K00547,9.28E-05
K01239,2.35E-05
K01238,1.21E-03
K00540,2.82E-03
K01897,9.84E-04
K01232,4.47E-05
K01895,2.47E-04
K01894,4.09E-05
K01893,6.04E-04
K01892,5.12E-04
K00548,5.69E-04
K01890,4.89E-04
K02768,2.27E-04
K02769,2.42E-04
K01147,2.25E-05
K01417,4.73E-04
K01415,4.23E-06
K01142,6.36E-04
K02760,7.71E-05
K02761,8.85E-05
K01419,2.68E-05
K02763,6.28E-05
K02764,6.28E-05
K02765,6.28E-05
K00788,1.12E-03
K00948,7.10E-04
K00949,3.81E-04
K03746,5.69E-06
K00942,8.80E-04
K00943,2.83E-04
K00940,4.41E-04
K13747,5.00E-04
K00946,3.70E-04
K00947,3.14E-04
K02451,5.53E-06
K00945,1.22E-03
K01096,1.01E-05
K01095,2.33E-04
K01093,3.47E-06
K01092,4.42E-04
K01091,1.64E-03
K01090,3.99E-04
K09933,2.79E-06
K11196,4.39E-06
K01525,4.19E-05
K01524,1.27E-05
K01523,1.06E-04
K02619,3.25E-04
K02968,1.64E-03
K01520,8.14E-04
K02614,3.92E-04
K02967,8.24E-04
K02965,1.38E-03
K02963,1.47E-03
K01529,3.52E-04
K02961,1.67E-03
K03569,9.27E-04
K03568,1.46E-04
K03565,5.38E-04
K03564,5.68E-04
K03567,4.30E-06
K03566,2.00E-05
K03561,1.12E-03
K03560,3.17E-05
K03563,1.32E-04
K03562,2.79E-05
K09667,6.73E-07
K01709,1.83E-04
K01708,3.02E-05
K01706,3.89E-05
K01704,5.84E-04
K01703,5.32E-04
K01702,2.38E-06
K02298,2.29E-06
K09980,5.82E-06
K04562,7.08E-05
K03969,3.25E-05
K14162,6.62E-07
K05394,1.24E-05
K09780,3.34E-05
K13694,3.73E-04
K13695,8.89E-05
K03709,3.35E-05
K03708,3.68E-05
K08160,1.15E-05
K00246,5.07E-05
K02388,8.72E-05
K02389,3.46E-05
K03701,8.70E-04
K02387,8.71E-05
K03703,4.71E-04
K03702,5.48E-04
K03705,3.31E-04
K03704,6.69E-04
K03707,1.06E-04
K03706,1.77E-04
K03499,1.25E-03
K03498,9.22E-04
K02145,9.65E-06
K02147,5.79E-06
K03491,1.72E-05
K03490,1.76E-05
K03495,5.18E-04
K14061,5.38E-06
K03497,1.38E-03
K03496,1.72E-03
K07778,5.29E-06
K13527,3.58E-06
K10021,5.41E-06
K11720,3.34E-05
K13529,3.76E-06
K02545,1.37E-05
K02814,2.88E-06
K02547,7.93E-06
K02812,5.74E-06
K03818,1.00E-04
K02810,8.26E-05
K03815,3.27E-05
K03814,2.51E-04
K05365,3.68E-05
K03816,7.64E-04
K02548,3.75E-04
K02549,1.93E-04
K02818,2.41E-05
K03364,5.09E-05
K03635,3.71E-05
K03634,1.82E-05
K03637,2.65E-04
K03147,4.08E-04
K03630,8.66E-04
K03633,1.78E-05
K03632,5.45E-06
K03149,3.47E-04
K03148,4.50E-05
K03639,1.59E-04
K03638,1.39E-05
K03385,1.55E-04
K03582,1.07E-05
K03387,2.02E-04
K03386,6.44E-04
K12257,2.90E-04
K03382,8.45E-05
K06283,2.99E-04
K06282,7.89E-05
K06281,8.38E-05
K06287,6.52E-04
K03388,5.79E-05
K06284,5.82E-05
K06518,6.34E-04
K11908,2.15E-06
K06048,8.66E-06
K09889,1.51E-05
K06045,1.15E-05
K11905,1.59E-05
K11906,8.80E-06
K11907,4.38E-05
K06041,4.64E-04
K11901,1.34E-05
K06042,2.40E-04
K02458,1.80E-05
K11517,1.46E-05
K12344,2.03E-04
K12343,8.98E-05
K12340,5.78E-04
K02430,3.15E-06
K10985,7.28E-06
K02431,8.54E-05
K11690,4.04E-04
K02459,7.82E-06
K09897,6.91E-06
K09896,7.82E-06
K09895,3.15E-05
K09894,1.44E-05
K07248,6.30E-05
K09892,2.52E-05
K09891,9.93E-06
K09890,8.70E-06
K07245,2.67E-06
K07246,4.76E-06
K07240,1.63E-03
K03927,9.37E-05
K09899,5.13E-06
K09898,9.93E-06
K06606,1.67E-05
K03926,2.33E-05
K06603,5.84E-05
K02438,1.47E-04
K06609,1.13E-05
K02822,7.52E-06
K03923,5.01E-05
K01023,1.45E-04
K09016,3.48E-06
K11472,6.63E-06
K11473,1.21E-05
K11474,2.83E-06
K12269,3.20E-06
K06867,5.45E-05
K06866,1.22E-05
K06864,6.73E-05
K06861,5.06E-04
K00600,8.01E-04
K00603,3.71E-04
K00602,6.60E-04
K00605,4.45E-04
K00604,5.76E-04
K00606,4.57E-04
K00609,7.54E-04
K03741,1.94E-04
K12657,8.11E-06
K03740,1.90E-06
K03215,3.42E-05
K03214,9.53E-06
K02291,9.32E-06
K07648,1.24E-05
K07649,1.86E-06
K00259,4.51E-04
K09940,4.36E-05
K07640,1.64E-05
K07641,8.61E-06
K07642,2.43E-05
K07391,5.38E-04
K07644,4.82E-05
K07397,1.13E-04
K07646,4.22E-04
K07647,1.25E-05
K13893,7.79E-06
K13894,1.12E-05
K03623,8.60E-06
K10899,2.17E-06
K08997,3.17E-06
K13895,2.27E-06
K11914,3.06E-06
K07504,4.88E-05
K12266,4.14E-05
K12518,5.53E-06
K08675,1.98E-05
K12267,2.95E-04
K08990,6.58E-06
K07024,1.47E-03
K07025,1.43E-03
K07026,2.86E-06
K00048,5.05E-04
K07021,1.01E-05
K06013,2.33E-05
K00043,2.60E-05
K00042,1.17E-04
K00041,2.00E-04
K00040,1.71E-04
K00046,5.33E-04
K00045,1.38E-05
K00044,4.11E-06
K07803,2.15E-05
K10547,2.91E-05
K07806,9.96E-06
K09777,2.81E-04
K10094,8.43E-06
K09775,1.55E-04
K06153,5.80E-04
K06999,3.35E-05
K06152,1.67E-05
K10254,1.79E-04
K06151,3.23E-06
K00137,1.00E-05
K10918,2.54E-06
K00135,9.95E-06
K00134,1.22E-03
K00133,6.89E-04
K00132,2.69E-05
K01958,6.54E-05
K00130,3.15E-05
K01956,4.50E-04
K06157,5.15E-06
K01955,7.56E-04
K01952,5.21E-04
K01953,4.39E-04
K01950,4.58E-04
K01951,8.40E-04
K12517,7.82E-06
K00428,1.02E-04
K07733,7.59E-06
K07735,3.36E-04
K07736,1.58E-04
K07737,1.16E-03
K07738,4.89E-04
K07739,2.23E-06
K02345,9.00E-06
K00425,3.62E-04
K00427,1.40E-06
K00426,3.60E-04
K03462,2.64E-06
K07669,3.36E-05
K02670,1.38E-05
K09479,2.89E-06
K12278,3.18E-06
K06156,8.06E-06
K06442,3.54E-04
K05896,1.76E-04
K05895,8.21E-05
K06445,1.18E-05
K13483,3.91E-06
K14154,1.48E-06
K00554,7.16E-04
K00557,2.07E-05
K00556,5.97E-05
K06447,3.17E-06
K06446,1.41E-05
K00558,9.35E-04
K14087,9.06E-06
K07486,1.39E-04
K01173,1.78E-04
K01175,2.71E-04
K01176,2.03E-04
K10678,3.55E-05
K01178,1.74E-05
K01179,3.48E-04
K01682,1.72E-06
K14083,2.79E-06
K09473,5.32E-06
K00951,8.72E-04
K00950,7.47E-04
K14088,2.21E-05
K00955,4.44E-05
K00954,8.81E-04
K00957,3.83E-04
K00956,2.75E-04
K14571,1.83E-06
K01552,1.70E-04
K01551,2.88E-05
K01556,2.15E-06
K05658,2.69E-05
K01554,1.50E-05
K05655,5.29E-06
K02601,1.18E-03
K02600,6.92E-04
K02970,9.32E-04
K05653,1.15E-06
K05652,7.06E-07
K03558,3.78E-04
K03559,6.17E-04
K13566,3.99E-06
K03550,6.80E-04
K03551,6.93E-04
K03553,8.49E-04
K03554,2.13E-05
K03555,4.63E-04
K03556,1.75E-05
K03557,5.27E-05
K01778,5.46E-04
K01779,7.15E-05
K01772,5.64E-05
K01770,9.07E-04
K01771,6.37E-05
K01776,6.85E-04
K13243,2.43E-05
K01775,5.30E-04
K01900,3.45E-06
K12520,4.33E-06
K13244,6.31E-06
K02777,5.13E-05
K13688,4.03E-07
K02775,2.01E-04
K14153,3.40E-05
K02773,1.46E-05
K14155,8.01E-04
K02770,2.23E-04
K08151,1.01E-05
K08150,1.54E-05
K13683,6.21E-06
K13685,8.67E-05
K08154,3.91E-06
K02779,5.51E-05
K02778,5.51E-05
K02399,5.61E-06
K02398,9.30E-05
K02395,6.98E-05
K02394,6.28E-06
K02038,4.25E-04
K02396,9.50E-05
K02391,6.50E-06
K02390,6.11E-05
K02393,3.10E-06
K02392,1.69E-04
K01606,3.87E-04
K01607,6.44E-04
K01509,8.02E-06
K01605,1.06E-04
K05881,4.89E-06
K01601,2.03E-05
K03060,2.46E-04
K01608,5.21E-06
K01609,3.53E-04
K13532,2.33E-06
K09018,3.94E-06
K01681,4.71E-04
K14055,2.43E-06
K02805,7.40E-05
K02804,2.17E-04
K02551,2.40E-04
K02806,6.72E-05
K02557,2.83E-04
K02556,4.89E-05
K02803,2.17E-04
K02802,3.46E-06
K03820,5.63E-05
K13052,4.34E-05
K03823,6.09E-04
K03824,2.72E-05
K02808,1.77E-05
K03826,1.06E-04
K03827,3.72E-04
K03600,4.61E-06
K03601,5.39E-04
K03602,7.03E-04
K03603,1.31E-05
K03604,9.97E-05
K03605,4.25E-05
K03606,3.86E-04
K03607,1.38E-05
K03608,1.75E-04
K03609,2.41E-04
K06406,1.91E-04
K02462,8.95E-06
K05657,1.04E-05
K08723,3.43E-06
K06078,9.93E-06
K06079,6.54E-05
K09710,8.87E-04
K05798,2.25E-05
K11911,4.94E-06
K00066,8.26E-06
K06074,6.23E-06
K06075,5.34E-06
K06076,1.93E-04
K05799,1.16E-04
K03734,5.36E-04
K03735,6.61E-05
K03736,7.40E-05
K03737,6.55E-04
K03732,2.47E-05
K03733,5.56E-04
K12339,5.64E-05
K03738,5.70E-05
K03739,7.21E-06
K07339,3.60E-05
K02436,6.06E-06
K08139,4.21E-05
K11685,1.16E-05
K12062,6.05E-06
K12063,7.52E-06
K12060,5.03E-06
K11688,2.29E-04
K12066,3.20E-06
K12067,1.13E-05
K12064,1.91E-05
K12065,1.73E-06
K06382,7.38E-05
K06383,3.73E-05
K07259,2.07E-04
K07258,4.83E-04
K13821,5.78E-05
K06387,1.26E-04
K06384,8.09E-06
K07335,3.55E-04
K03043,5.20E-04
K03040,8.17E-04
K07250,8.24E-06
K03046,5.04E-04
K00349,4.36E-04
K05372,2.43E-06
K05373,3.32E-06
K01679,8.27E-05
K09766,6.91E-05
K02411,6.18E-05
K12660,5.80E-06
K12661,3.62E-06
K00638,6.71E-04
K00639,6.16E-04
K12460,6.94E-07
K00693,5.14E-05
K00634,1.61E-04
K08590,8.31E-05
K00342,2.03E-04
K00632,3.33E-05
K00633,4.88E-04
K07657,6.65E-04
K14053,2.57E-06
K07654,1.50E-06
K07653,2.99E-06
K07652,1.46E-04
K07651,5.22E-05
K01474,7.57E-06
K02788,7.66E-06
K07659,3.77E-05
K07658,3.27E-04
K09970,1.45E-05
K09971,3.13E-05
K09972,4.01E-05
K09973,8.85E-05
K09974,8.49E-05
K00694,3.81E-05
K09978,5.82E-06
K09979,7.84E-05
K07387,2.91E-04
K07386,2.60E-04
K06926,3.00E-04
K06927,7.98E-05
K01235,8.70E-05
K06922,5.37E-06
K06923,1.66E-04
K06920,4.14E-04
K06921,5.50E-04
K06929,3.77E-05
K01671,7.95E-06
K11261,3.24E-05
K11263,9.87E-06
K11264,4.15E-06
K07033,1.88E-04
K07032,5.13E-05
K07031,1.24E-04
K07030,2.16E-04
K07037,1.95E-04
K10797,2.22E-05
K07035,1.69E-04
K07034,1.18E-05
K00700,6.37E-04
K00701,2.30E-05
K00702,1.37E-04
K00703,7.15E-04
K00705,7.66E-04
K01777,1.60E-05
K07811,2.01E-06
K07813,1.07E-04
K07812,2.54E-05
K07814,3.74E-04
K07816,8.72E-05
K00090,2.38E-06
K00091,2.22E-05
K14064,5.45E-06
K00094,1.35E-05
K00096,7.80E-05
K00097,1.29E-02
K00098,1.45E-05
K00099,5.45E-04
K11750,1.87E-06
K09952,6.29E-05
K10228,2.43E-06
K10229,3.16E-06
K06080,5.78E-06
K06145,2.11E-06
K10227,2.05E-06
K00143,6.47E-07
K00140,8.62E-06
K00147,5.52E-04
K00145,5.26E-04
K01945,6.38E-04
K01941,8.18E-06
K01940,6.39E-04
K00384,7.74E-04
K00385,1.97E-05
K00386,7.55E-06
K00380,4.15E-05
K00381,2.15E-05
K00382,5.97E-04
K00383,4.93E-05
K07727,8.31E-04
K07726,7.53E-05
K07724,1.94E-05
K07722,5.02E-05
K07720,2.98E-04
K00899,2.18E-05
K11008,2.29E-06
K05878,8.78E-05
K00891,1.01E-03
K00892,1.78E-06
K13797,8.52E-07
K00895,2.38E-04
K00897,3.68E-05
K14059,5.78E-05
K09158,8.90E-06
K09159,1.80E-05
K08384,2.06E-04
K09157,3.76E-04
K09155,6.47E-05
K03196,2.35E-05
K08159,3.01E-05
K14152,3.63E-06
K00560,8.73E-04
K00561,7.55E-05
K00563,1.13E-04
K00564,2.33E-05
K00566,9.90E-04
K00567,6.53E-04
K00568,1.63E-05
K02078,2.34E-03
K02079,6.06E-06
K00965,2.15E-04
K00966,2.83E-04
K12685,1.67E-05
K00960,4.13E-06
K00961,9.35E-06
K00962,5.61E-04
K00963,1.95E-04
K01163,3.56E-04
K01162,1.02E-04
K01160,1.89E-05
K14090,9.82E-06
K14097,5.79E-06
K14159,1.79E-06
K01839,2.45E-04
K08153,1.96E-06
K01838,3.98E-05
K03194,8.35E-06
K13794,2.45E-06
K07251,2.83E-06
K08092,4.36E-05
K08093,6.11E-06
K08094,2.57E-05
K13684,3.82E-06
K02948,1.10E-03
K01789,2.51E-06
K01547,2.13E-04
K01546,2.56E-04
K01548,3.48E-04
K05662,4.89E-06
K01788,1.63E-04
K02945,7.09E-04
K02946,1.10E-03
K03195,1.02E-05
K02018,3.36E-04
K02255,4.64E-06
K02016,9.59E-04
K02017,9.67E-05
K02014,1.58E-03
K02015,1.24E-03
K02012,2.59E-04
K02013,1.13E-03
K02010,1.76E-04
K02011,2.08E-04
K01768,4.86E-04
K10939,1.54E-06
K06039,2.31E-05
K01761,5.64E-05
K01760,7.58E-05
K02523,3.43E-04
K02492,7.97E-05
K02493,5.64E-04
K08167,5.27E-06
K02496,6.74E-06
K08161,4.85E-05
K02494,2.51E-05
K02495,8.18E-04
K02498,1.12E-05
K02499,2.00E-04
K08169,1.68E-04
K02703,2.19E-05
K00313,4.85E-05
K02386,3.54E-06
K08361,3.35E-06
K14415,5.87E-05
K14414,8.09E-05
K09726,2.49E-06
K02397,5.56E-05
K14063,1.02E-05
K08369,3.41E-05
K08996,2.03E-05
K07710,1.23E-05
K01615,1.39E-04
K01611,1.04E-04
K01610,6.75E-04
K01613,6.13E-04
K04064,3.71E-05
K02122,1.23E-04
K02123,3.45E-04
K02120,6.07E-04
K02121,5.48E-04
K01619,7.23E-04
K01618,1.43E-05
K02124,6.25E-04
K03837,1.67E-05
K03835,1.58E-05
K03834,2.55E-05
K03833,5.26E-05
K03832,1.63E-03
K03831,3.18E-05
K03830,1.39E-04
K01604,1.77E-06
K13626,9.40E-05
K03838,9.14E-06
K03547,2.91E-04
K03546,1.84E-04
K03545,7.08E-04
K03544,7.76E-04
K03543,3.04E-04
K02835,5.98E-04
K02836,7.85E-04
K02837,4.70E-04
K02838,9.75E-04
K13789,5.40E-04
K09773,7.07E-05
K00112,4.04E-05
K09859,7.63E-06
K03549,3.83E-05
K03548,6.51E-06
K03619,5.87E-06
K03618,5.08E-06
K03617,6.29E-04
K03616,2.82E-04
K03615,6.34E-04
K03614,5.09E-04
K12251,3.46E-04
K03612,3.32E-04
K02385,2.30E-05
K03610,7.44E-05
K02237,7.70E-05
K09705,4.92E-06
K09704,3.12E-04
K02232,3.10E-04
K02233,3.82E-04
K02230,1.36E-04
K02231,3.58E-04
K09770,9.90E-05
K02238,3.45E-04
K03723,3.75E-04
K03722,4.67E-05
K03721,4.29E-05
K03727,5.96E-06
K09771,7.17E-06
K03724,1.85E-05
K13252,1.09E-05
K13256,5.69E-06
K04720,3.22E-04
K11707,2.33E-05
K01533,5.95E-04
K12071,5.38E-06
K12072,1.08E-05
K09009,9.58E-06
K06391,1.85E-05
K06390,1.20E-04
K06393,1.43E-04
K06392,1.86E-04
K06395,4.55E-05
K06394,7.81E-05
K06397,8.39E-05
K06396,7.50E-05
K06399,1.23E-04
K13819,9.34E-06
K07705,3.67E-06
K09911,5.23E-06
K03338,1.76E-05
K09917,1.29E-05
K00884,1.15E-05
K10005,6.72E-06
K06726,6.61E-05
K10003,2.91E-05
K06413,8.18E-05
K02381,1.56E-05
K11534,1.23E-05
K11615,1.57E-05
K10001,1.56E-05
K11537,2.04E-04
K08358,6.45E-06
K11788,4.47E-06
K06381,1.10E-04
K11712,1.22E-04
K00620,2.80E-04
K00627,8.23E-05
K00626,5.75E-04
K00625,5.81E-04
K00859,5.77E-04
K06410,1.05E-04
K11533,5.95E-06
K02552,3.50E-05
K11896,2.23E-05
K11894,2.43E-06
K11244,1.26E-05
K11892,9.51E-06
K11893,1.60E-05
K11891,1.05E-05
K11711,5.43E-06
K09020,3.16E-06
K09969,2.13E-05
K09968,2.89E-06
K09967,3.55E-05
K11075,1.04E-05
K11076,4.61E-05
K09964,3.94E-05
K09963,2.68E-05
K11071,4.94E-04
K11072,3.90E-04
K02800,4.73E-05
K11527,1.83E-04
K06937,1.78E-06
K11250,1.60E-05
K03417,8.25E-06
K11521,3.37E-05
K11258,8.90E-06
K11710,1.91E-05
K00712,5.17E-05
K11085,2.63E-04
K10783,9.06E-06
K02558,7.22E-05
K11084,4.34E-06
K02809,8.26E-05
K14065,5.45E-06
K13381,2.56E-06
K07280,2.30E-06
K07281,1.52E-05
K07282,4.15E-04
K07283,2.68E-06
K07284,1.38E-04
K07285,2.56E-05
K07286,1.66E-05
K07287,9.61E-06
K07536,7.93E-06
K07289,2.06E-05
K07533,8.76E-05
K11080,3.12E-06
K00088,7.91E-04
K00087,1.04E-04
K00086,4.30E-05
K00085,4.17E-06
K00082,8.60E-05
K10231,3.08E-05
K11329,2.27E-05
K10234,4.13E-06
K00151,1.61E-06
K01347,1.11E-06
K05914,2.70E-07
K00155,5.03E-06
K00154,3.68E-06
K09779,4.33E-05
K00156,1.13E-04
K01971,2.02E-05
K01972,5.78E-04
K01974,7.19E-06
K01975,9.61E-06
K05919,3.71E-04
K12246,1.89E-06
K00390,7.40E-05
K00394,7.32E-05
K07751,8.04E-06
K07757,2.85E-06
K01342,2.04E-06
K08352,8.13E-06
K07443,5.19E-04
K01376,9.44E-05
K01372,5.42E-04
K09384,1.47E-05
K10125,5.46E-06
K01224,1.82E-04
K00318,3.66E-05
K10121,3.94E-06
K10120,4.70E-06
K01225,1.67E-05
K09145,8.59E-06
K09144,2.01E-05
K13787,1.74E-05
K09141,6.55E-06
K07447,7.43E-04
K04652,2.12E-04
K04653,1.42E-04
K04651,2.00E-04
K05879,7.36E-05
K08676,2.63E-04
K04654,9.95E-05
K04655,1.24E-04
K05875,2.88E-05
K05874,1.28E-06
K04094,1.50E-04
K04095,2.30E-04
K04096,4.95E-04
K04091,4.08E-06
K04092,1.56E-05
K00575,1.13E-04
K00574,4.44E-05
K00573,2.38E-05
K00647,2.78E-04
K00571,4.57E-04
K00973,1.06E-03
K00972,7.77E-05
K00971,6.90E-04
K00970,3.07E-04
K00975,9.53E-04
K00974,2.17E-04
K01112,1.45E-05
K00641,5.59E-05
K00979,5.62E-04
K00978,2.69E-04
K04477,1.72E-04
K03807,2.73E-06
K01407,6.41E-06
K01663,1.73E-06
K08082,2.24E-06
K08081,8.73E-06
K03230,4.28E-06
K02759,1.60E-04
K01281,2.23E-06
K01286,6.33E-05
K01284,4.42E-04
K02956,1.28E-03
K02954,1.59E-03
K02952,1.13E-03
K02950,1.13E-03
K07686,3.47E-06
K02959,1.14E-03
K14553,9.75E-07
K07054,3.60E-05
K00885,1.97E-05
K07687,3.35E-06
K00883,2.08E-05
K00882,2.01E-04
K00881,9.14E-06
K00880,8.52E-06
K00889,6.23E-05
K03469,7.88E-04
K01571,3.33E-04
K01572,9.16E-04
K01573,3.31E-04
K01754,3.63E-04
K01755,5.95E-04
K01756,7.66E-04
K01750,6.51E-05
K02008,6.81E-04
K01752,7.83E-04
K01753,5.12E-05
K02005,1.12E-03
K02004,3.36E-03
K02007,1.10E-04
K02006,1.10E-03
K01758,2.56E-05
K02000,2.11E-04
K01028,6.20E-05
K01029,8.08E-05
K01596,5.33E-05
K01595,2.71E-05
K01590,1.26E-05
K01591,6.94E-04
K02752,1.20E-05
K01598,1.62E-05
K01599,2.28E-04
K02481,4.04E-04
K02480,2.34E-06
K02483,1.21E-03
K02482,7.48E-06
K08177,5.07E-05
K02484,4.97E-04
K02486,1.15E-06
K02488,2.21E-04
K08178,9.80E-06
K03294,1.62E-04
K14138,3.81E-05
K08372,1.64E-05
K14136,8.12E-06
K09712,9.22E-06
K11910,6.22E-06
K13777,1.39E-06
K03449,1.89E-05
K03446,9.23E-05
K03444,1.00E-04
K03445,3.67E-06
K03442,5.63E-04
K01620,4.23E-04
K01621,5.11E-05
K01623,3.46E-04
K01624,1.09E-03
K01625,5.09E-04
K01626,2.42E-04
K01627,4.01E-04
K01628,1.93E-04
K01629,3.32E-04
K02133,3.50E-05
K06077,2.83E-05
K03840,9.00E-06
K03841,2.82E-05
K11719,4.09E-05
K03532,1.19E-05
K03533,8.61E-06
K03530,3.30E-03
K03531,6.46E-04
K03536,6.96E-04
K03534,7.37E-04
K03535,5.52E-06
K05297,7.10E-05
K02824,3.57E-04
K02823,5.60E-04
K13020,3.69E-05
K02821,5.12E-05
K12268,1.49E-06
K00158,1.48E-06
K03669,2.95E-06
K03190,1.91E-05
K03191,5.39E-06
K03660,1.16E-04
K03666,1.05E-04
K03667,1.93E-05
K03664,1.02E-03
K03665,5.61E-04
K09772,3.44E-04
K02224,2.93E-04
K02227,3.56E-04
K02226,8.33E-05
K06016,5.81E-05
K06017,6.17E-05
K09774,1.09E-05
K06015,1.44E-05
K09778,1.20E-05
K13631,7.24E-06
K02379,5.52E-05
K09706,2.88E-05
K07243,2.40E-05
K00441,2.58E-05
K03288,7.07E-06
K03289,1.24E-05
K03284,7.66E-04
K03286,1.86E-04
K03287,1.13E-03
K13245,1.40E-05
K03281,2.38E-04
K03282,7.90E-04
K03283,1.10E-05
K03066,2.80E-06
K08952,2.36E-06
K08955,2.27E-06
K02242,8.82E-06
K08956,1.09E-06
K12068,7.52E-06
K04017,6.10E-06
K12146,1.14E-06
K03260,5.52E-07
K13633,8.31E-06
K02852,9.79E-05
K03269,3.74E-04
K06162,1.23E-05
K01089,2.74E-04
K06127,2.28E-05
K04337,4.45E-06
K06120,1.40E-06
K06121,4.05E-06
K02990,1.35E-03
K02750,5.81E-06
K00799,3.98E-05
K08280,4.02E-05
K09703,7.31E-06
K12061,3.12E-06
K06163,1.09E-05
K12687,1.43E-06
K12684,6.44E-06
K08282,3.97E-05
K09504,3.97E-06
K03367,1.28E-05
K11407,2.66E-06
K12444,2.09E-06
K02850,9.34E-06
K08320,5.61E-06
K01557,5.29E-05
K00002,4.70E-05
K09702,1.81E-04
K00065,8.00E-05
K01128,6.47E-06
K07637,3.18E-06
K07636,8.90E-04
K07639,3.58E-06
K07638,1.90E-05
K08884,3.06E-04
K11069,3.77E-04
K11068,5.28E-04
K03438,9.34E-04
K04015,4.09E-05
K09913,3.82E-05
K09910,3.27E-05
K01087,2.71E-06
K06236,5.49E-06
K11066,5.60E-06
K11065,6.46E-04
K09915,3.57E-06
K11535,1.70E-06
K06901,4.10E-04
K06902,1.08E-04
K06903,7.38E-05
K06904,8.04E-05
K06905,3.90E-05
K06906,4.72E-06
K06907,1.04E-04
K06908,6.84E-05
K06909,1.54E-04
K11249,2.86E-05
K06385,1.47E-04
K10217,4.26E-06
K00762,1.10E-03
K00763,4.22E-04
K00760,1.01E-03
K00761,8.58E-04
K00766,3.98E-04
K00767,6.01E-04
K00764,9.95E-04
K00765,6.17E-04
K00768,3.27E-04
K00163,1.24E-05
K07318,3.57E-05
K07348,8.75E-06
K07257,1.75E-05
K08773,5.53E-07
K06346,2.70E-04
K10943,3.09E-05
K09824,3.30E-05
K09825,4.08E-04
K09823,3.40E-06
K09820,3.53E-05
K03577,7.11E-06
K02573,2.23E-05
K07290,8.94E-06
K10206,4.81E-04
K02572,7.19E-06
K10200,1.32E-04
K07066,4.72E-06
K10202,2.61E-06
K02575,3.66E-05
K03229,8.63E-06
K06608,2.98E-05
K03573,1.40E-05
K01966,7.58E-04
K01965,1.14E-05
K01963,2.25E-04
K01962,2.37E-04
K01961,3.66E-04
K01960,3.62E-04
K11334,1.70E-05
K00364,2.27E-05
K01968,2.86E-06
K05905,1.65E-04
K03081,3.52E-06
K00169,6.62E-05
K05903,1.50E-05
K00164,2.35E-05
K00362,8.62E-06
K00167,2.84E-06
K00161,3.21E-05
K00162,4.69E-05
K02855,1.46E-05
K07749,4.70E-05
K01713,1.86E-05
K00368,2.26E-06
K00068,2.20E-05
K07741,2.62E-04
K07740,9.42E-06
K10682,1.29E-05
K07742,5.82E-04
K01959,1.26E-05
K00363,7.17E-06
K01759,1.26E-03