ID,High_c
K01954,2.3862E-07
K02489,2.82018E-07
K11681,3.2841E-07
K00143,3.44082E-07
K05914,3.47528E-07
K01229,3.65039E-07
K04788,4.13251E-07
K14162,4.21545E-07
K00256,4.22447E-07
K00870,4.25954E-07
K14201,4.69475E-07
K14195,4.74658E-07
K05185,4.88464E-07
K12202,4.90232E-07
K11665,4.99402E-07
K13611,5.04237E-07
K12678,5.07915E-07
K13830,5.17645E-07
K11127,5.22596E-07
K08740,5.44634E-07
K12443,5.54824E-07
K00209,5.62305E-07
K10817,5.62305E-07
K10902,5.94207E-07
K02223,6.33251E-07
K11356,6.73587E-07
K13797,6.93665E-07
K02545,7.16751E-07
K08643,7.24623E-07
K12823,7.2536E-07
K08344,7.29082E-07
K01410,7.29082E-07
K05565,7.31845E-07
K05853,7.44432E-07
K01121,7.51499E-07
K14086,7.53651E-07
K11293,7.87646E-07
K02817,7.99492E-07
K12953,8.11908E-07
K06044,8.13754E-07
K13040,8.46985E-07
K08295,8.88031E-07
K12217,8.98008E-07
K13178,9.06846E-07
K09461,9.17315E-07
K13541,9.42031E-07
K05587,9.43515E-07
K06307,9.43538E-07
K08741,9.45531E-07
K14358,9.56615E-07
K00875,9.576E-07
K00960,9.91969E-07
K00131,1.00435E-06
K13490,1.00516E-06
K13854,1.02133E-06
K10908,1.0238E-06
K01583,1.03005E-06
K01900,1.03445E-06
K03483,1.04075E-06
K11199,1.04131E-06
K11200,1.04131E-06
K11198,1.04131E-06
K01204,1.04339E-06
K12530,1.06488E-06
K00827,1.0671E-06
K11734,1.07115E-06
K00154,1.07379E-06
K13796,1.07831E-06
K14083,1.08058E-06
K14447,1.09341E-06
K08166,1.0944E-06
K04880,1.09858E-06
K12531,1.09892E-06
K11285,1.10508E-06
K02592,1.11339E-06
K02240,1.12872E-06
K03894,1.14963E-06
K05841,1.15022E-06
K00119,1.15602E-06
K10715,1.15879E-06
K11180,1.17454E-06
K01930,1.19996E-06
K02615,1.20472E-06
K11407,1.22766E-06
K10598,1.23492E-06
K13116,1.25892E-06
K01641,1.26133E-06
K07168,1.28318E-06
K13688,1.2892E-06
K00480,1.29943E-06
K00481,1.30272E-06
K13967,1.3051E-06
K10843,1.3168E-06
K00317,1.31947E-06
K08773,1.326E-06
K10235,1.33083E-06
K06139,1.34365E-06
K08656,1.34422E-06
K01535,1.36222E-06
K07654,1.36322E-06
K13285,1.3635E-06
K11781,1.36509E-06
K10195,1.36873E-06
K11779,1.37325E-06
K00934,1.38422E-06
K00354,1.38722E-06
K10191,1.42181E-06
K03219,1.42602E-06
K01115,1.42854E-06
K10407,1.4351E-06
K05324,1.45342E-06
K02352,1.46232E-06
K07649,1.46405E-06
K10830,1.47642E-06
K07280,1.4991E-06
K05327,1.49964E-06
K01702,1.50932E-06
K12454,1.51408E-06
K10978,1.51408E-06
K13884,1.51603E-06
K11081,1.52306E-06
K00309,1.52942E-06
K05566,1.53675E-06
K04780,1.53811E-06
K01361,1.54781E-06
K14286,1.55722E-06
K04109,1.58418E-06
K13503,1.59352E-06
K12681,1.59387E-06
K05663,1.59796E-06
K14063,1.60398E-06
K13177,1.60548E-06
K06436,1.61031E-06
K06994,1.61666E-06
K01896,1.6175E-06
K01434,1.61981E-06
K01431,1.62005E-06
K10202,1.62656E-06
K09478,1.6275E-06
K12658,1.62943E-06
K10821,1.6363E-06
K01455,1.64511E-06
K08100,1.65348E-06
K00601,1.65442E-06
K02280,1.65996E-06
K14057,1.66647E-06
K05546,1.67571E-06
K00423,1.67738E-06
K00822,1.68485E-06
K03339,1.70102E-06
K11162,1.70102E-06
K02205,1.70308E-06
K12218,1.70442E-06
K07653,1.71048E-06
K13093,1.71295E-06
K12979,1.71664E-06
K12146,1.72297E-06
K00692,1.72928E-06
K00825,1.76222E-06
K11083,1.77604E-06
K05714,1.7822E-06
K10858,1.78969E-06
K12203,1.79366E-06
K13287,1.80079E-06
K14159,1.82135E-06
K13730,1.83684E-06
K13025,1.84154E-06
K02840,1.85685E-06
K08714,1.86521E-06
K00118,1.87207E-06
K01796,1.88403E-06
K01180,0.000001898
K01055,1.9152E-06
K03795,1.91719E-06
K03277,1.91926E-06
K12228,1.92465E-06
K05962,1.92684E-06
K09023,1.9296E-06
K05597,1.93007E-06
K11442,1.93175E-06
K11082,1.93688E-06
K08256,1.94385E-06
K11139,1.95208E-06
K01225,1.95934E-06
K14164,1.96357E-06
K14123,1.96463E-06
K00235,1.96656E-06
K01913,1.97099E-06
K05613,1.97386E-06
K01502,1.97457E-06
K12460,1.9784E-06
K01575,1.98175E-06
K08955,2.00208E-06
K00150,2.00344E-06
K05949,2.01133E-06
K06137,2.01285E-06
K07057,2.01749E-06
K12736,2.02214E-06
K12206,2.02715E-06
K10116,2.06228E-06
K02611,2.06965E-06
K04058,2.07855E-06
K08357,2.09038E-06
K05773,2.0913E-06
K07395,0.000002095
K12213,2.09535E-06
K12536,2.10266E-06
K01829,2.12097E-06
K00039,2.12097E-06
K13950,2.1269E-06
K00713,2.12778E-06
K14327,2.14141E-06
K10020,2.14759E-06
K11787,2.15171E-06
K03492,2.15661E-06
K01427,2.15819E-06
K13829,2.16095E-06
K00138,2.16095E-06
K03392,2.16828E-06
K08566,2.19608E-06
K06900,2.19608E-06
K08170,2.22196E-06
K05549,2.24636E-06
K00450,2.24649E-06
K12268,2.24805E-06
K00523,2.27775E-06
K07006,2.28122E-06
K00908,2.28487E-06
K02059,2.28727E-06
K02242,2.31205E-06
K00437,2.36282E-06
K04099,2.37229E-06
K00470,2.38738E-06
K06286,2.4011E-06
K08777,2.40514E-06
K12240,2.42559E-06
K12585,2.43207E-06
K12444,2.44826E-06
K06954,2.44999E-06
K07222,2.45012E-06
K10201,2.45352E-06
K02674,2.46774E-06
K11541,2.47096E-06
K12282,2.47438E-06
K07650,2.48152E-06
K06313,2.48793E-06
K00323,2.49101E-06
K13934,2.49162E-06
K13247,2.49783E-06
K11150,2.51635E-06
K12204,2.51905E-06
K07465,2.52498E-06
K02827,2.52955E-06
K08964,2.54095E-06
K07165,2.54262E-06
K02666,2.54367E-06
K11196,2.56621E-06
K09252,2.57618E-06
K01713,2.57815E-06
K08081,2.58558E-06
K08737,2.60642E-06
K08969,2.61876E-06
K08354,2.6252E-06
K03200,2.66606E-06
K12854,2.67025E-06
K13795,2.68093E-06
K04790,2.68632E-06
K01597,2.6957E-06
K11474,2.69755E-06
K05898,2.70005E-06
K12409,2.72477E-06
K02145,2.72885E-06
K12690,2.7316E-06
K08965,2.73652E-06
K11016,2.75002E-06
K00207,2.75584E-06
K04103,2.77445E-06
K12990,2.80532E-06
K07013,2.83577E-06
K13181,2.83931E-06
K00186,2.84676E-06
K08967,2.85152E-06
K08857,2.85443E-06
K05708,2.85867E-06
K05681,2.87464E-06
K01857,2.88136E-06
K06937,2.88453E-06
K11384,2.88645E-06
K02312,2.89825E-06
K01674,2.90847E-06
K14091,2.91018E-06
K11533,2.94681E-06
K01477,2.94985E-06
K02591,2.95553E-06
K08479,2.95898E-06
K00255,2.96515E-06
K08153,2.96515E-06
K12309,2.97021E-06
K03862,2.98415E-06
K06888,2.98509E-06
K05711,2.99464E-06
K03342,3.03408E-06
K05615,3.03985E-06
K10560,3.06432E-06
K11357,3.06442E-06
K11181,3.07451E-06
K11626,3.09081E-06
K03195,3.09795E-06
K10199,3.10672E-06
K02596,3.11672E-06
K10705,3.11732E-06
K02486,3.13502E-06
K10796,3.13695E-06
K07302,3.13695E-06
K10794,3.16616E-06
K05351,3.1827E-06
K05550,3.18804E-06
K11920,3.19586E-06
K00539,3.19847E-06
K00446,3.20797E-06
K07096,3.20862E-06
K01054,3.21178E-06
K06136,3.21406E-06
K05603,3.22422E-06
K10008,3.23794E-06
K05344,3.25122E-06
K13571,3.25421E-06
K01103,3.25445E-06
K00900,3.25445E-06
K03740,3.26595E-06
K05713,3.26926E-06
K09859,3.27313E-06
K00457,3.27863E-06
K04757,3.29021E-06
K01725,3.29021E-06
K13598,3.30105E-06
K03693,3.31159E-06
K03381,3.33295E-06
K13678,3.33579E-06
K07442,3.33686E-06
K06610,3.36281E-06
K01053,3.36348E-06
K03895,3.36708E-06
K00051,3.36828E-06
K00689,3.37998E-06
K08734,3.39951E-06
K05616,3.40219E-06
K00412,3.40305E-06
K07268,3.41035E-06
K11080,3.41659E-06
K14264,3.43124E-06
K11005,3.43135E-06
K10954,3.43468E-06
K01789,3.45797E-06
K11008,3.46518E-06
K03203,3.46838E-06
K07503,3.47019E-06
K02597,3.49165E-06
K01498,3.49165E-06
K10562,3.49782E-06
K07353,3.51545E-06
K05877,3.52202E-06
K01576,3.53319E-06
K00044,3.53416E-06
K01452,3.53526E-06
K07004,3.55532E-06
K10120,3.57995E-06
K01565,3.58573E-06
K07768,3.58945E-06
K13527,3.59056E-06
K10018,3.60192E-06
K06609,3.62654E-06
K06122,3.64024E-06
K07693,3.65558E-06
K05569,3.65558E-06
K03201,3.65579E-06
K13245,3.67068E-06
K10899,3.6784E-06
K00049,3.68156E-06
K01780,3.72692E-06
K04479,3.73505E-06
K01215,3.74442E-06
K02609,3.75875E-06
K08178,3.76489E-06
K09716,3.76602E-06
K10021,3.77412E-06
K00841,0.00000379
K00129,3.79071E-06
K00376,3.7933E-06
K05655,3.79782E-06
K09701,3.80292E-06
K02554,3.81617E-06
K06080,3.83041E-06
K08363,3.83041E-06
K01227,3.83667E-06
K00372,3.85028E-06
K09552,3.85095E-06
K01694,3.85695E-06
K02465,3.85919E-06
K07272,3.88095E-06
K09473,3.88391E-06
K07218,3.8914E-06
K00519,3.89588E-06
K10979,3.89709E-06
K02282,3.90521E-06
K03420,3.91155E-06
K05362,3.93245E-06
K10559,3.96218E-06
K11594,3.9679E-06
K05783,3.99435E-06
K02618,3.99748E-06
K06151,4.01215E-06
K12950,4.02452E-06
K07354,4.02847E-06
K07067,4.03326E-06
K13007,4.04172E-06
K12555,4.04727E-06
K04756,4.05952E-06
K11177,4.07362E-06
K13745,4.08102E-06
K01152,4.10937E-06
K11953,4.11078E-06
K09945,4.11721E-06
K02463,4.1393E-06
K01444,4.14365E-06
K10762,4.14782E-06
K10557,4.1526E-06
K02586,4.15392E-06
K01820,4.16315E-06
K07241,4.17173E-06
K13531,4.1987E-06
K03331,4.20716E-06
K04073,4.2158E-06
K07352,4.23328E-06
K10019,4.25982E-06
K12278,4.26412E-06
K07310,4.26414E-06
K02509,4.27143E-06
K03229,4.28528E-06
K13734,4.29172E-06
K00007,4.31819E-06
K09696,4.34511E-06
K02060,4.37028E-06
K08987,4.38696E-06
K06152,4.38728E-06
K06169,4.38885E-06
K03897,4.40368E-06
K03196,4.42504E-06
K02132,4.44435E-06
K05915,4.44456E-06
K03462,4.45584E-06
K05662,4.47532E-06
K05709,4.49198E-06
K00984,4.49537E-06
K03366,4.50351E-06
K12205,4.50775E-06
K14154,4.51084E-06
K02656,4.51707E-06
K07717,4.54955E-06
K05876,4.56605E-06
K13981,4.57884E-06
K14268,4.60009E-06
K14333,4.60234E-06
K11144,4.60948E-06
K01697,4.61032E-06
K10901,4.62915E-06
K00158,4.66408E-06
K05394,4.66705E-06
K08068,4.67788E-06
K09740,4.69983E-06
K03840,4.7009E-06
K11312,4.70893E-06
K02613,4.72342E-06
K09133,4.72598E-06
K07451,4.75122E-06
K08167,4.75251E-06
K01446,4.75312E-06
K05657,4.76999E-06
K12246,4.79129E-06
K05524,4.79695E-06
K01032,4.79705E-06
K01541,4.79721E-06
K08721,4.80101E-06
K12279,4.80222E-06
K14519,4.81388E-06
K08687,4.82974E-06
K09809,4.83198E-06
K11631,4.83683E-06
K01263,4.84405E-06
K05823,4.84719E-06
K12995,4.87642E-06
K06446,4.88382E-06
K11003,4.91083E-06
K03222,4.91168E-06
K02550,4.9432E-06
K07535,4.95475E-06
K02531,4.95768E-06
K10783,4.96882E-06
K03739,5.0014E-06
K11922,5.04895E-06
K11614,5.05912E-06
K01509,5.10239E-06
K10561,5.12493E-06
K09980,5.15171E-06
K13819,5.16748E-06
K13607,5.18388E-06
K11147,5.20943E-06
K05772,5.21502E-06
K10764,5.21861E-06
K00863,5.22607E-06
K03414,5.22872E-06
K00386,5.24042E-06
K02565,5.24724E-06
K02415,5.25036E-06
K09472,5.2604E-06
K13936,5.27127E-06
K09805,5.30335E-06
K09764,5.3466E-06
K03464,5.3466E-06
K08346,5.38559E-06
K10708,5.42832E-06
K07570,5.4503E-06
K03197,5.48143E-06
K02476,5.49949E-06
K02147,5.50955E-06
K00249,5.52289E-06
K06236,5.52625E-06
K10780,5.53506E-06
K10122,5.55335E-06
K11618,5.57728E-06
K14587,5.57728E-06
K07151,5.58174E-06
K03919,5.59322E-06
K02660,5.59418E-06
K00141,5.60681E-06
K07233,5.6239E-06
K00449,5.6253E-06
K07785,5.62781E-06
K08364,5.64037E-06
K03928,5.64848E-06
K04092,5.69405E-06
K09902,5.70304E-06
K07081,5.73443E-06
K01968,5.74393E-06
K01044,5.75736E-06
K11788,5.77269E-06
K11477,5.77538E-06
K01132,5.81328E-06
K01036,5.82795E-06
K08972,5.83154E-06
K03285,5.84394E-06
K12211,5.85623E-06
K03228,5.85779E-06
K04338,5.85908E-06
K00961,5.93331E-06
K09961,5.94485E-06
K13654,5.95526E-06
K12214,5.95808E-06
K12227,5.95808E-06
K00462,5.96127E-06
K00253,6.01985E-06
K00484,6.03852E-06
K12071,6.04503E-06
K07778,6.04692E-06
K05784,6.06528E-06
K10795,6.07608E-06
K03727,6.10882E-06
K02750,6.11833E-06
K13525,6.13523E-06
K05372,6.14305E-06
K01199,6.14557E-06
K07344,6.23126E-06
K13633,6.23382E-06
K06892,6.23525E-06
K01474,6.2379E-06
K08693,6.24296E-06
K08345,6.25334E-06
K03403,6.25492E-06
K08195,6.30315E-06
K07719,6.33585E-06
K09984,6.33672E-06
K07490,6.33672E-06
K10530,6.34403E-06
K08956,6.34798E-06
K03829,6.41592E-06
K12554,6.41625E-06
K13530,6.42195E-06
K01856,6.47265E-06
K14571,6.47336E-06
K14056,6.4781E-06
K00276,6.49529E-06
K06938,6.49713E-06
K00856,6.50221E-06
K14048,6.54501E-06
K02670,6.56715E-06
K08347,6.57802E-06
K03226,6.6158E-06
K00752,6.63678E-06
K02787,6.66068E-06
K02788,6.66068E-06
K09118,6.67339E-06
K01031,6.69835E-06
K11244,6.72739E-06
K05571,6.74103E-06
K07683,6.7938E-06
K08150,6.8306E-06
K11517,6.83095E-06
K05601,6.84837E-06
K05358,6.85791E-06
K07506,6.87342E-06
K08349,6.89835E-06
K01729,6.90594E-06
K06922,6.90766E-06
K03970,6.93613E-06
K01618,6.96663E-06
K07389,6.97161E-06
K10826,7.02796E-06
K03227,7.03092E-06
K00288,7.07485E-06
K11004,7.08848E-06
K02612,7.10446E-06
K00329,7.10665E-06
K02508,7.11057E-06
K07786,7.15681E-06
K13928,7.16084E-06
K02663,7.17832E-06
K12269,7.22255E-06
K01219,7.23603E-06
K09930,7.26273E-06
K01965,7.26631E-06
K10833,7.26868E-06
K07119,7.27945E-06
K02587,7.29375E-06
K01721,7.3099E-06
K05818,7.31699E-06
K01281,7.34237E-06
K07021,7.40389E-06
K07469,7.40709E-06
K04752,7.41287E-06
K07706,7.41494E-06
K09917,7.43875E-06
K00448,7.47486E-06
K12500,7.49145E-06
K01274,7.50106E-06
K06384,7.53132E-06
K10556,7.53652E-06
K01342,7.54275E-06
K01128,7.55774E-06
K09126,7.57626E-06
K08358,7.58728E-06
K10218,7.59201E-06
K08352,7.59277E-06
K09703,7.59913E-06
K04781,7.60274E-06
K02585,7.60506E-06
K07445,7.62738E-06
K00293,7.70311E-06
K08986,7.71857E-06
K09958,7.72512E-06
K10555,7.73408E-06
K03540,7.76393E-06
K11531,7.76986E-06
K06883,7.83092E-06
K13483,7.93745E-06
K11334,7.96081E-06
K13252,8.00098E-06
K10709,8.03479E-06
K00054,8.06555E-06
K02623,8.12238E-06
K13677,8.12444E-06
K06121,8.13531E-06
K07705,8.16369E-06
K00529,8.1946E-06
K05819,8.21225E-06
K12657,8.21844E-06
K09960,8.23908E-06
K14138,8.24025E-06
K03367,8.28232E-06
K08651,8.36654E-06
K03230,8.3672E-06
K07512,8.37318E-06
K11630,8.37585E-06
K03119,8.37732E-06
K05712,8.38472E-06
K00455,8.43306E-06
K09141,8.43347E-06
K13787,8.44068E-06
K01415,8.47032E-06
K10006,8.47115E-06
K14205,8.47494E-06
K03863,8.47545E-06
K03279,8.49275E-06
K03481,8.5092E-06
K09470,8.56278E-06
K10939,8.6421E-06
K02616,8.67283E-06
K09929,8.67765E-06
K11153,8.72532E-06
K03618,8.73762E-06
K03409,8.77854E-06
K00055,8.79185E-06
K00038,8.79193E-06
K05967,8.79705E-06
K02424,8.84078E-06
K11930,8.85275E-06
K11263,8.85809E-06
K02538,8.88366E-06
K10121,8.88623E-06
K00737,8.89474E-06
K09880,8.90214E-06
K02479,8.91004E-06
K00886,8.93768E-06
K04337,8.94069E-06
K14430,8.96196E-06
K06036,9.02934E-06
K09024,9.04844E-06
K01671,9.05759E-06
K07401,9.05784E-06
K03275,9.09788E-06
K11908,9.11482E-06
K09932,9.11962E-06
K01473,0.000009121
K13921,9.13145E-06
K07219,9.13288E-06
K07317,9.1496E-06
K06990,9.18481E-06
K02482,9.19337E-06
K08093,9.21358E-06
K10682,9.22963E-06
K03893,9.24275E-06
K03224,9.31808E-06
K08260,9.3655E-06
K10242,9.3779E-06
K02844,9.39358E-06
K08276,9.44595E-06
K03645,9.45311E-06
K05992,9.47667E-06
K03302,9.49732E-06
K11472,9.49835E-06
K11540,9.57275E-06
K04786,9.58895E-06
K10906,9.64638E-06
K07326,9.70735E-06
K02808,9.74112E-06
K00836,9.74155E-06
K13727,9.83906E-06
K13919,9.86092E-06
K01590,9.86905E-06
K10230,9.8816E-06
K01318,9.90572E-06
K11736,9.94842E-06
K01003,9.9634E-06
K02802,9.98329E-06
K05972,9.98567E-06
K01157,9.98769E-06
K08679,1.00069E-05
K07250,1.00216E-05
K09786,1.00243E-05
K13794,1.00362E-05
K02425,1.00494E-05
K02291,1.00593E-05
K01797,1.0072E-05
K04025,1.00824E-05
K07276,1.01903E-05
K09912,1.02068E-05
K07177,1.0221E-05
K08478,1.02233E-05
K00183,1.02347E-05
K08151,1.02354E-05
K11264,1.02384E-05
K03288,1.02774E-05
K14087,1.02798E-05
K04035,1.02938E-05
K13041,1.02983E-05
K07795,1.03398E-05
K00992,1.03433E-05
K08253,1.0357E-05
K03199,1.03761E-05
K05779,1.04102E-05
K02610,1.04881E-05
K05567,1.04949E-05
K07129,1.04954E-05
K04335,1.05282E-05
K02525,1.05408E-05
K13301,1.05838E-05
K14052,1.05913E-05
K03283,1.06547E-05
K04021,1.06645E-05
K05607,1.06844E-05
K00368,1.06884E-05
K07780,1.07026E-05
K05886,1.07651E-05
K14090,1.07963E-05
K14060,1.08025E-05
K07807,1.083E-05
K11214,1.08965E-05
K06184,1.08991E-05
K00264,1.09041E-05
K12998,1.0933E-05
K09934,1.09708E-05
K08365,1.09722E-05
K05683,1.09831E-05
K03332,1.09935E-05
K14267,1.09967E-05
K05606,1.10134E-05
K00132,1.10237E-05
K10673,1.10406E-05
K07784,1.10594E-05
K02814,1.10637E-05
K04076,1.1088E-05
K11740,1.11032E-05
K00517,1.111E-05
K04835,1.11187E-05
K04334,1.11557E-05
K02204,1.11894E-05
K10007,1.11974E-05
K13930,1.11981E-05
K07639,1.12093E-05
K09695,1.12204E-05
K00385,1.12402E-05
K13590,1.1253E-05
K01236,1.12626E-05
K05594,1.13712E-05
K01699,1.1386E-05
K13927,1.13866E-05
K13655,1.14026E-05
K13933,1.14797E-05
K10771,1.15036E-05
K11735,1.1542E-05
K11739,1.1549E-05
K11084,1.15934E-05
K02511,1.16218E-05
K08318,1.1628E-05
K00492,1.16324E-05
K10697,1.16609E-05
K07707,1.16714E-05
K06045,1.16771E-05
K10009,1.16886E-05
K11192,1.1713E-05
K11191,1.1713E-05
K02485,1.17199E-05
K05374,1.17261E-05
K07300,1.17896E-05
K07066,1.17943E-05
K01561,1.17964E-05
K08476,1.18381E-05
K04063,1.18628E-05
K03810,1.18702E-05
K04783,1.19272E-05
K12265,1.19365E-05
K10900,1.19461E-05
K07156,1.19492E-05
K04784,1.19493E-05
K07224,1.20464E-05
K12072,1.21358E-05
K10537,1.21427E-05
K11211,1.21894E-05
K13019,1.21905E-05
K13931,1.22497E-05
K11711,1.22676E-05
K07453,1.22786E-05
K08997,1.23063E-05
K07350,1.23169E-05
K06391,1.23485E-05
K08324,1.23499E-05
K06120,1.23624E-05
K11073,1.23782E-05
K04086,1.23954E-05
K05710,1.24248E-05
K00116,1.24597E-05
K13381,1.24708E-05
K07113,1.24717E-05
K02393,1.25235E-05
K09992,1.25313E-05
K10558,1.25457E-05
K00355,1.25803E-05
K12660,1.2588E-05
K06019,1.26162E-05
K13015,1.2618E-05
K13684,1.26189E-05
K10793,1.26198E-05
K13683,1.26245E-05
K05881,1.26384E-05
K12985,1.26588E-05
K11909,1.26756E-05
K06995,1.27258E-05
K07811,1.27282E-05
K09456,1.27895E-05
K06979,1.27915E-05
K08319,1.27964E-05
K02846,1.28163E-05
K10711,1.28418E-05
K10800,1.28742E-05
K02074,1.29222E-05
K11041,1.29258E-05
K03791,1.29368E-05
K14061,1.29464E-05
K02679,1.29525E-05
K13529,1.29679E-05
K07810,1.30184E-05
K12661,1.3093E-05
K04785,1.31879E-05
K14127,1.32061E-05
K05884,1.32123E-05
K00299,1.32524E-05
K07340,1.32973E-05
K07051,1.33266E-05
K03079,1.33284E-05
K06884,1.33318E-05
K06445,1.33479E-05
K11530,1.3352E-05
K07311,1.33697E-05
K07181,1.34461E-05
K07536,1.34575E-05
K10213,1.35179E-05
K02749,1.35621E-05
K01355,1.36105E-05
K02850,1.36125E-05
K06191,0.000013619
K08225,1.36191E-05
K05020,1.36445E-05
K13918,1.36842E-05
K05687,1.37129E-05
K09688,1.37268E-05
K05789,1.37652E-05
K02589,1.37671E-05
K10538,1.37751E-05
K00322,1.38018E-05
K12141,1.38058E-05
K02450,1.38133E-05
K00675,1.39069E-05
K13013,1.39846E-05
K08320,1.39974E-05
K11732,1.40073E-05
K09020,1.40475E-05
K03619,1.40637E-05
K05777,1.40903E-05
K00109,1.41101E-05
K01210,1.41353E-05
K08351,1.41366E-05
K09968,1.41867E-05
K09162,1.42294E-05
K02506,1.42475E-05
K01668,1.42486E-05
K06141,1.42559E-05
K04062,1.42576E-05
K03208,1.42951E-05
K07470,1.43127E-05
K10985,1.43422E-05
K09144,1.435E-05
K10094,1.43672E-05
K01906,1.44168E-05
K05798,1.44621E-05
K13932,1.44626E-05
K11784,1.44713E-05
K12684,1.44829E-05
K13581,1.44865E-05
K07245,1.44872E-05
K13953,1.45031E-05
K03652,1.45228E-05
K03636,1.45919E-05
K06378,1.46112E-05
K07122,1.46369E-05
K00612,1.46797E-05
K06447,1.4693E-05
K07686,1.46957E-05
K07772,1.47384E-05
K02336,1.47613E-05
K13566,1.47649E-05
K00483,1.47816E-05
K00643,1.48082E-05
K12507,1.4855E-05
K01948,1.48681E-05
K02854,1.48704E-05
K05373,1.48756E-05
K01046,1.49034E-05
K04750,1.49462E-05
K12262,1.49756E-05
K06333,1.49808E-05
K05778,1.49962E-05
K12152,1.50028E-05
K01408,1.5006E-05
K02572,1.50164E-05
K01457,1.50469E-05
K10975,1.50611E-05
K08314,1.51039E-05
K05780,1.51255E-05
K04022,1.51438E-05
K00823,1.51512E-05
K11615,1.51541E-05
K06013,1.51588E-05
K02442,1.51886E-05
K08475,1.52096E-05
K07132,1.52159E-05
K01369,1.5222E-05
K04775,1.52286E-05
K07643,1.52421E-05
K09684,1.52568E-05
K03533,1.52573E-05
K09778,1.53259E-05
K00366,1.53439E-05
K07701,1.53454E-05
K11738,1.53528E-05
K02658,1.5363E-05
K12518,1.53847E-05
K07390,1.53852E-05
K13021,1.53854E-05
K07592,1.54142E-05
K05836,1.54228E-05
K11708,1.54415E-05
K01220,1.54468E-05
K09707,1.54784E-05
K05245,1.5504E-05
K07266,1.55241E-05
K08173,1.55359E-05
K08326,1.55471E-05
K13940,1.55561E-05
K13069,1.55631E-05
K04033,1.55992E-05
K05339,1.56151E-05
K11616,1.56391E-05
K00098,1.56505E-05
K07309,1.56705E-05
K00709,1.56819E-05
K02167,1.56867E-05
K12137,1.56894E-05
K02547,1.57423E-05
K03974,1.57722E-05
K05903,1.58679E-05
K11473,1.58762E-05
K07660,1.58829E-05
K04771,1.58874E-05
K00534,0.000015932
K01096,1.59361E-05
K00151,1.59508E-05
K00673,1.59541E-05
K12140,1.59681E-05
K08162,1.59788E-05
K05969,1.60114E-05
K03532,1.60301E-05
K07281,1.60303E-05
K12299,1.60308E-05
K02753,1.604E-05
K02752,1.604E-05
K01908,1.60699E-05
K06415,1.6083E-05
K03190,1.60993E-05
K13640,1.61112E-05
K00332,1.61259E-05
K03187,0.000016198
K02402,1.62014E-05
K09712,1.62061E-05
K12142,1.62119E-05
K13894,1.62664E-05
K03194,1.63268E-05
K04020,1.63334E-05
K05522,1.63596E-05
K08297,1.63744E-05
K07225,1.63949E-05
K03364,1.63977E-05
K07251,1.64168E-05
K07083,1.64187E-05
K04885,1.64461E-05
K00810,1.64505E-05
K12143,1.65559E-05
K06605,1.65566E-05
K01758,1.65685E-05
K10011,1.65856E-05
K11933,1.65858E-05
K11216,1.66036E-05
K12685,1.66166E-05
K09975,1.66228E-05
K13016,1.66373E-05
K08308,1.6643E-05
K05984,1.66484E-05
K13540,1.66716E-05
K09928,1.67296E-05
K13929,1.67473E-05
K02182,1.68011E-05
K07704,1.6827E-05
K13497,1.68463E-05
K08298,1.69355E-05
K06078,1.69465E-05
K03819,1.69828E-05
K05658,1.69933E-05
K06317,1.70152E-05
K00801,1.7017E-05
K03583,1.70266E-05
K05887,1.70373E-05
K01959,1.70377E-05
K10107,1.71262E-05
K12138,1.7149E-05
K11152,1.71612E-05
K13620,1.71908E-05
K14287,1.71939E-05
K13920,1.72224E-05
K11935,1.72278E-05
K00441,1.7232E-05
K06159,1.72331E-05
K02172,1.72466E-05
K07314,1.72802E-05
K13893,1.72979E-05
K01483,1.73012E-05
K03477,1.73168E-05
K05811,1.73496E-05
K07757,1.74668E-05
K01598,1.74773E-05
K05839,1.74811E-05
K04561,1.749E-05
K12523,1.74909E-05
K02301,1.75099E-05
K04046,1.75353E-05
K03709,1.76018E-05
K12145,1.76308E-05
K03204,1.76356E-05
K09681,1.76562E-05
K03724,1.76653E-05
K01364,1.77067E-05
K00433,1.7708E-05
K09901,1.77112E-05
K14588,1.77206E-05
K14088,1.775E-05
K12521,1.7789E-05
K00885,1.77955E-05
K03472,1.7829E-05
K07246,1.78601E-05
K01637,1.79078E-05
K00218,1.79092E-05
K03656,1.79636E-05
K09806,1.79643E-05
K13629,1.79682E-05
K13631,1.79783E-05
K12063,1.79834E-05
K02617,1.80016E-05
K06015,1.8003E-05
K05368,1.80463E-05
K02363,1.80466E-05
K11923,1.80782E-05
K13895,1.81162E-05
K01354,1.81236E-05
K12291,1.8129E-05
K04844,1.81405E-05
K09937,1.81583E-05
K10243,1.81712E-05
K00303,1.8224E-05
K03516,1.82283E-05
K07312,1.82707E-05
K03184,1.83679E-05
K01655,0.000018392
K02594,0.000018392
K03399,1.84228E-05
K11894,1.84328E-05
K02339,1.8438E-05
K11391,1.84402E-05
K13053,1.84683E-05
K11066,1.84957E-05
K08350,1.85003E-05
K01825,1.8523E-05
K01777,1.85342E-05
K06917,1.85362E-05
K02021,1.85432E-05
K14055,1.85583E-05
K12056,1.85837E-05
K09021,1.85963E-05
K09018,1.85988E-05
K07675,1.867E-05
K11209,1.86904E-05
K07637,1.87021E-05
K09705,1.87323E-05
K03471,1.8738E-05
K09916,1.8739E-05
K07687,1.87417E-05
K00260,1.87838E-05
K02364,1.87851E-05
K06416,1.88012E-05
K06877,1.88027E-05
K00011,1.88458E-05
K06157,1.8863E-05
K06048,1.88893E-05
K01577,1.89022E-05
K03603,1.89071E-05
K09862,1.89217E-05
K01922,1.89413E-05
K05921,1.89896E-05
K03276,1.89999E-05
K06919,1.90033E-05
K07283,1.90331E-05
K14393,1.90607E-05
K01974,1.90621E-05
K02399,1.91463E-05
K09475,1.91466E-05
K13924,1.91629E-05
K06192,1.91911E-05
K10941,1.92048E-05
K02391,1.92348E-05
K12136,1.9256E-05
K12517,1.9273E-05
K08361,1.92758E-05
K07797,1.92769E-05
K08984,1.93112E-05
K03329,1.93273E-05
K09989,1.9332E-05
K00897,1.93642E-05
K07267,1.93717E-05
K07710,1.93862E-05
K04045,1.94E-05
K02196,1.94005E-05
K01429,1.94137E-05
K07147,1.95004E-05
K01782,1.95085E-05
K01690,1.95242E-05
K01720,1.95281E-05
K14440,1.95369E-05
K00019,1.95523E-05
K03607,1.95806E-05
K07140,1.95846E-05
K14054,1.96115E-05
K09160,1.96317E-05
K03777,1.96614E-05
K03528,1.96747E-05
K02385,1.96891E-05
K09779,1.96891E-05
K05874,1.97036E-05
K02083,1.97045E-05
K03598,1.97067E-05
K09963,1.97329E-05
K03796,1.97986E-05
K04064,1.98063E-05
K12687,1.98248E-05
K11535,1.98293E-05
K06985,1.98823E-05
K14053,1.9899E-05
K02560,1.99285E-05
K11750,1.99456E-05
K00614,1.99574E-05
K05593,1.99604E-05
K11106,1.99659E-05
K00777,1.99909E-05
K06957,2.00178E-05
K10003,2.00298E-05
K05812,2.00458E-05
K01554,2.005E-05
K06331,2.00998E-05
K13926,2.01122E-05
K06929,2.01959E-05
K02436,2.01975E-05
K05791,2.02126E-05
K06164,2.02146E-05
K07009,2.0223E-05
K07232,2.03397E-05
K09134,2.03549E-05
K13938,2.03841E-05
K03586,2.03855E-05
K00906,2.03875E-05
K02009,2.04361E-05
K03185,2.04538E-05
K08368,2.04718E-05
K08315,2.04749E-05
K01479,2.0492E-05
K10125,2.04943E-05
K05775,2.05177E-05
K02394,0.00002056
K11925,2.05762E-05
K07751,2.0587E-05
K02848,2.06017E-05
K07229,2.06045E-05
K09019,2.06083E-05
K07586,2.06083E-05
K02782,2.06321E-05
K11208,2.06391E-05
K02510,2.06476E-05
K01941,2.06478E-05
K03669,2.06715E-05
K06714,2.0694E-05
K12522,2.06962E-05
K07262,2.07007E-05
K02464,2.0706E-05
K10550,2.07235E-05
K01601,2.07978E-05
K02849,2.08082E-05
K03804,2.0862E-05
K02100,2.08815E-05
K03112,2.08825E-05
K01781,2.08998E-05
K07788,2.09334E-05
K03573,2.09573E-05
K09933,2.09594E-05
K09697,2.10019E-05
K07351,2.1017E-05
K03081,2.1021E-05
K06306,2.10444E-05
K00108,2.10679E-05
K09906,2.10874E-05
K06999,2.10881E-05
K10016,2.10927E-05
K11710,2.11094E-05
K10857,2.11146E-05
K09882,2.11591E-05
K07690,2.12222E-05
K09016,2.12222E-05
K03765,2.12888E-05
K03812,2.12952E-05
K00216,2.13011E-05
K12058,2.13184E-05
K01669,2.13314E-05
K13923,2.13493E-05
K14136,2.13855E-05
K06214,2.13949E-05
K02298,2.14012E-05
K07703,2.14168E-05
K10716,2.14593E-05
K08994,2.14879E-05
K03290,2.15102E-05
K14064,2.15131E-05
K02624,2.15853E-05
K03212,2.16263E-05
K11751,2.1676E-05
K03807,2.17057E-05
K05523,2.17144E-05
K12957,2.17151E-05
K04774,2.17187E-05
K00120,2.17432E-05
K08163,2.1786E-05
K07318,2.1823E-05
K07146,0.000021875
K08348,2.19093E-05
K13632,2.19312E-05
K04018,2.19619E-05
K04065,2.19667E-05
K11392,2.19702E-05
K00743,2.19778E-05
K00228,2.20334E-05
K02193,2.20509E-05
K11607,2.20693E-05
K13635,2.20944E-05
K05817,2.21147E-05
K00140,2.21294E-05
K00839,2.21592E-05
K07777,2.21995E-05
K12066,2.22297E-05
K04691,2.22307E-05
K02680,2.22545E-05
K01484,2.22578E-05
K06858,2.22872E-05
K07136,2.23416E-05
K06350,2.23489E-05
K02079,2.23835E-05
K01716,2.24143E-05
K11606,2.24189E-05
K07275,2.24565E-05
K01682,2.24765E-05
K07505,2.24864E-05
K00842,2.24984E-05
K07638,2.24988E-05
K04767,2.25026E-05
K02655,2.25088E-05
K11742,2.25611E-05
K13771,2.25672E-05
K09729,2.25724E-05
K13892,2.25765E-05
K05979,2.25853E-05
K12113,2.26659E-05
K06918,2.27076E-05
K09927,2.27107E-05
K07700,2.27115E-05
K12529,2.27763E-05
K00185,2.27917E-05
K08990,2.28408E-05
K12943,2.28528E-05
K04032,2.28698E-05
K07674,2.28759E-05
K01524,2.28794E-05
K07308,2.28817E-05
K10015,2.28829E-05
K02303,2.28844E-05
K13630,2.29308E-05
K10972,2.29348E-05
K06222,2.30017E-05
K03580,2.30158E-05
K07016,2.30327E-05
K03548,2.30937E-05
K05787,2.3134E-05
K07046,2.31434E-05
K13636,2.31533E-05
K02380,2.31792E-05
K09909,2.31852E-05
K03582,2.31932E-05
K11938,2.31953E-05
K07821,2.32073E-05
K07676,2.32511E-05
K03591,2.32675E-05
K09476,2.32728E-05
K01252,2.32827E-05
K07454,2.32907E-05
K00146,2.33232E-05
K00363,2.33359E-05
K03836,2.33599E-05
K12264,2.33705E-05
K03782,2.3409E-05
K01169,2.34458E-05
K02452,2.34745E-05
K00076,2.35018E-05
K12600,2.35285E-05
K10829,2.35862E-05
K07642,2.35962E-05
K00333,2.36006E-05
K04067,2.36057E-05
K02784,2.36118E-05
K02855,2.36569E-05
K09911,2.36674E-05
K03298,2.36767E-05
K02847,2.36802E-05
K01407,2.37034E-05
K00881,2.37038E-05
K00224,2.37185E-05
K04091,2.37304E-05
K10748,2.37688E-05
K09982,2.3778E-05
K13639,2.38307E-05
K07269,2.38694E-05
K09998,0.000023999
K09890,2.40127E-05
K06156,2.40168E-05
K07227,2.40208E-05
K05590,2.40231E-05
K12525,2.40581E-05
K05792,2.41238E-05
K08317,2.4125E-05
K08675,2.41319E-05
K10710,2.41453E-05
K02562,2.41602E-05
K07180,2.41736E-05
K04887,2.41821E-05
K00324,0.000024222
K00121,2.4255E-05
K10973,2.42809E-05
K06906,2.42858E-05
K10013,2.4302E-05
K07121,2.4318E-05
K14348,2.4389E-05
K13280,2.43965E-05
K00163,2.43973E-05
K12984,2.44127E-05
K06186,2.44522E-05
K11605,2.45088E-05
K07286,2.45141E-05
K01143,2.45219E-05
K02043,2.45855E-05
K02317,2.4599E-05
K05971,2.46331E-05
K05782,2.46809E-05
K00880,2.47382E-05
K04016,2.4742E-05
K12700,2.47526E-05
K03749,2.4762E-05
K12506,2.4762E-05
K09123,2.4775E-05
K09914,2.47868E-05
K11748,2.48062E-05
K07781,2.48207E-05
K06165,2.48321E-05
K07494,2.48322E-05
K01412,2.48435E-05
K13243,2.48665E-05
K12973,2.48858E-05
K03759,2.49026E-05
K00078,2.49296E-05
K02255,2.49486E-05
K03597,2.49947E-05
K12065,2.51231E-05
K07127,2.51295E-05
K00184,2.51417E-05
K04568,2.51516E-05
K14187,2.51609E-05
K05790,2.51634E-05
K01035,2.51634E-05
K03675,2.51814E-05
K06075,2.51816E-05
K11745,2.51874E-05
K07102,2.52146E-05
K10546,2.52385E-05
K07290,2.52662E-05
K09819,2.52826E-05
K06146,2.54005E-05
K12975,2.54017E-05
K00066,2.54593E-05
K10111,2.54694E-05
K03181,2.54758E-05
K00683,2.55243E-05
K02496,2.55274E-05
K01466,2.55394E-05
K08296,2.55536E-05
K13195,2.56258E-05
K06971,2.56295E-05
K02386,2.56352E-05
K00573,2.56403E-05
K03078,2.5671E-05
K07265,2.57268E-05
K12372,2.57452E-05
K09131,2.57595E-05
K10544,2.57786E-05
K05803,2.58313E-05
K02498,2.58689E-05
K00137,2.58736E-05
K09895,2.58757E-05
K00381,2.58809E-05
K11939,2.58882E-05
K09153,2.59218E-05
K00564,2.5952E-05
K01430,2.59814E-05
K00803,2.60171E-05
K13256,2.60249E-05
K08219,2.60482E-05
K03838,2.60661E-05
K07336,2.61258E-05
K10986,2.61801E-05
K04333,2.61932E-05
K06219,2.62171E-05
K02274,2.62264E-05
K13283,2.62379E-05
K03825,2.63034E-05
K02403,2.63098E-05
K02526,2.63374E-05
K11382,2.63432E-05
K08094,2.64098E-05
K09967,2.64573E-05
K11929,2.64823E-05
K06886,2.64862E-05
K00427,2.64901E-05
K10231,2.65916E-05
K07289,2.65933E-05
K11074,2.65962E-05
K04753,2.66255E-05
K11709,2.66324E-05
K10804,2.66453E-05
K00362,2.66588E-05
K01564,2.66691E-05
K01460,2.66938E-05
K01453,2.67083E-05
K13788,2.67289E-05
K09996,2.67506E-05
K06606,2.68E-05
K06162,2.68573E-05
K09994,2.69004E-05
K03634,2.69618E-05
K03490,2.69986E-05
K03776,2.70328E-05
K00122,2.70598E-05
K09801,2.70684E-05
K01087,2.70807E-05
K05568,2.70997E-05
K03435,2.71269E-05
K09124,2.71434E-05
K01741,2.71516E-05
K04017,2.71919E-05
K10984,2.72285E-05
K02170,2.72304E-05
K09017,2.72699E-05
K03491,2.73304E-05
K06132,2.73375E-05
K03632,2.73465E-05
K08161,2.74344E-05
K01608,2.74792E-05
K08194,2.75146E-05
K13244,2.75726E-05
K05805,2.75807E-05
K12061,2.75939E-05
K10001,2.76023E-05
K02467,2.76866E-05
K09900,2.76969E-05
K02451,2.77099E-05
K06166,2.77162E-05
K04074,2.77187E-05
K10549,2.77393E-05
K07806,2.78116E-05
K07694,2.78298E-05
K07640,2.78535E-05
K07647,2.787E-05
K06022,2.78743E-05
K05851,2.78772E-05
K00701,2.78988E-05
K03486,2.79253E-05
K00285,2.79411E-05
K00840,2.79424E-05
K06039,2.79463E-05
K07026,2.79485E-05
K03080,2.79563E-05
K03404,2.79795E-05
K07337,2.7987E-05
K09893,2.79926E-05
K07782,2.80269E-05
K09915,2.805E-05
K09471,2.80857E-05
K10679,2.80862E-05
K07450,2.80892E-05
K12519,2.80999E-05
K12149,2.81205E-05
K05318,2.81266E-05
K05275,2.81648E-05
K09128,2.81779E-05
K07120,2.81951E-05
K08224,2.82487E-05
K05304,2.829E-05
K02381,2.83088E-05
K02304,2.83132E-05
K06073,2.83498E-05
K06196,2.83537E-05
K04336,2.83718E-05
K02362,2.83741E-05
K07287,2.83878E-05
K07479,2.84421E-05
K01093,2.84504E-05
K07715,2.8458E-05
K07669,2.84818E-05
K09997,2.85263E-05
K02423,2.85403E-05
K12288,2.85566E-05
K07711,2.85967E-05
K03828,2.86026E-05
K12961,2.86081E-05
K13498,2.86665E-05
K07358,2.86695E-05
K01584,2.8736E-05
K02815,2.87594E-05
K09159,2.87678E-05
K06608,2.87687E-05
K05997,2.87918E-05
K02662,2.88267E-05
K10551,2.88362E-05
K01920,2.88676E-05
K02064,2.88844E-05
K02297,2.88902E-05
K07724,2.8902E-05
K12297,2.89037E-05
K06197,2.89182E-05
K12111,2.89225E-05
K11249,2.8939E-05
K00568,2.89413E-05
K05596,2.89636E-05
K09907,2.90449E-05
K12112,2.90558E-05
K00884,2.90608E-05
K04772,2.91188E-05
K01975,2.9151E-05
K03189,2.91603E-05
K03761,2.92209E-05
K08172,2.92253E-05
K06027,2.92643E-05
K03082,2.92987E-05
K11261,2.93176E-05
K00813,2.93238E-05
K03668,2.93374E-05
K06074,2.93693E-05
K05875,2.93778E-05
K02299,2.9387E-05
K11737,2.94009E-05
K01101,2.94138E-05
K00094,2.94434E-05
K11102,2.94506E-05
K01239,2.94615E-05
K10763,2.94841E-05
K12963,2.95207E-05
K02173,2.95366E-05
K11936,2.9551E-05
K01308,2.96021E-05
K11941,2.96159E-05
K12289,2.96789E-05
K03304,2.97257E-05
K00045,2.97275E-05
K11743,2.97608E-05
K03188,2.97609E-05
K03445,2.97706E-05
K03476,2.98149E-05
K02813,2.98473E-05
K03923,2.98946E-05
K09908,2.99079E-05
K09136,2.99507E-05
K11604,2.99829E-05
K00090,2.99904E-05
K03567,3.00024E-05
K07091,3.0054E-05
K08154,3.00607E-05
K01846,3.00727E-05
K09791,0.000030082
K11940,3.00924E-05
K09781,3.0095E-05
K07648,3.00964E-05
K00356,3.01131E-05
K07306,3.01433E-05
K08222,3.01529E-05
K07264,3.01645E-05
K07153,3.01734E-05
K09469,3.02139E-05
K03697,3.02375E-05
K03314,3.02399E-05
K06878,3.02436E-05
K02430,3.02511E-05
K07261,3.02559E-05
K09612,3.03049E-05
K07054,3.03171E-05
K03207,3.03277E-05
K07230,3.03345E-05
K02598,3.0358E-05
K06145,3.03925E-05
K01630,3.04554E-05
K13255,3.04557E-05
K11707,3.04628E-05
K08160,3.04901E-05
K12982,3.04904E-05
K03788,3.0494E-05
K08306,3.05003E-05
K13890,3.05322E-05
K00932,3.05329E-05
K00034,3.05636E-05
K02781,3.06246E-05
K06284,3.06468E-05
K05365,3.06489E-05
K05526,3.06689E-05
K06163,3.06731E-05
K00892,3.06964E-05
K09820,3.07729E-05
K10797,3.07883E-05
K12997,3.08131E-05
K06905,3.0873E-05
K11031,3.08832E-05
K10914,3.09138E-05
K03417,3.09293E-05
K01821,3.09485E-05
K12528,3.09584E-05
K02414,3.09703E-05
K04013,3.09733E-05
K00855,3.10234E-05
K06310,3.10256E-05
K00835,3.10275E-05
K02459,3.10444E-05
K03971,3.10575E-05
K07685,3.11146E-05
K09685,3.11337E-05
K09794,3.11801E-05
K07789,3.13383E-05
K06916,3.13676E-05
K00631,3.13878E-05
K11746,3.13981E-05
K07803,3.14072E-05
K06155,3.14525E-05
K11183,3.14565E-05
K02686,3.14583E-05
K03813,3.14817E-05
K00130,3.14857E-05
K12144,3.14886E-05
K02133,3.14896E-05
K08299,3.14896E-05
K12139,3.14983E-05
K01766,3.15177E-05
K11924,3.15182E-05
K00043,3.15223E-05
K12371,3.15504E-05
K03485,3.15555E-05
K03623,3.16385E-05
K11910,3.16491E-05
K07307,3.16668E-05
K10680,3.17037E-05
K00899,3.17723E-05
K09477,3.17866E-05
K01521,3.18371E-05
K07673,3.18876E-05
K01062,3.19459E-05
K01426,3.19513E-05
K03716,3.19571E-05
K05527,3.19946E-05
K07038,3.2048E-05
K11901,3.21551E-05
K03805,3.21686E-05
K03708,3.2183E-05
K03324,3.21836E-05
K03930,3.22916E-05
K08970,3.23465E-05
K07641,3.23471E-05
K06176,3.24594E-05
K03405,3.26223E-05
K13014,3.26285E-05
K10124,3.26403E-05
K11733,3.26602E-05
K09894,3.26792E-05
K13599,3.26831E-05
K06140,3.27404E-05
K11903,3.27723E-05
K01178,3.2777E-05
K00117,3.2779E-05
K02300,3.28608E-05
K02626,3.28655E-05
K05311,3.28876E-05
K09891,3.29399E-05
K12148,3.29548E-05
K09923,3.29812E-05
K02812,3.29829E-05
K12062,3.29944E-05
K06190,3.30129E-05
K11911,3.30969E-05
K00135,3.31575E-05
K13634,3.32568E-05
K03309,3.33097E-05
K14062,3.33631E-05
K09780,3.3401E-05
K10545,3.34037E-05
K00102,3.34349E-05
K08277,3.35606E-05
K00318,3.35993E-05
K02063,3.36202E-05
K09969,3.36811E-05
K03633,3.36875E-05
K01135,3.37268E-05
K06175,3.37348E-05
K02569,3.37466E-05
K08313,3.37719E-05
K08372,3.38004E-05
K02521,3.38139E-05
K11931,3.38377E-05
K09251,3.39386E-05
K09999,3.39489E-05
K02742,3.39736E-05
K01525,3.40959E-05
K06946,3.41049E-05
K08227,3.41785E-05
K02505,3.42106E-05
K09693,3.42178E-05
K13985,3.42657E-05
K03646,3.42831E-05
K01146,3.43122E-05
K09161,3.44264E-05
K12945,3.44346E-05
K09384,3.44679E-05
K11534,3.44728E-05
K11937,3.44968E-05
K03635,3.4522E-05
K09857,3.45815E-05
K07274,3.46029E-05
K10539,3.46414E-05
K02681,3.46568E-05
K03482,3.46999E-05
K12151,3.47765E-05
K00242,3.47951E-05
K10000,3.48233E-05
K02504,3.49138E-05
K10014,3.49358E-05
K04562,3.49514E-05
K03717,3.49597E-05
K07279,3.50137E-05
K06383,3.5034E-05
K06330,3.5067E-05
K13695,3.50871E-05
K05916,3.51039E-05
K03487,3.5112E-05
K05517,3.51751E-05
K12974,3.51812E-05
K09970,3.52037E-05
K02460,3.52673E-05
K03148,3.53049E-05
K07471,3.53197E-05
K02461,3.53382E-05
K07773,3.53837E-05
K06202,3.54013E-05
K12582,3.54264E-05
K00598,3.54442E-05
K00557,3.54537E-05
K00073,3.54558E-05
K05788,3.54678E-05
K09971,3.54827E-05
K08484,3.55133E-05
K02221,3.55417E-05
K07014,3.55425E-05
K07257,3.55445E-05
K05952,3.5552E-05
K14153,3.55723E-05
K10037,3.56189E-05
K03760,3.56414E-05
K02494,3.56658E-05
K09940,3.57547E-05
K02553,3.58079E-05
K09978,3.59651E-05
K09920,3.59757E-05
K01971,3.59923E-05
K03747,3.59946E-05
K12996,3.60205E-05
K03835,3.60234E-05
K10002,3.60346E-05
K03554,3.60397E-05
K02568,3.60771E-05
K02682,3.60772E-05
K07323,3.61068E-05
K12057,3.61206E-05
K12520,3.61382E-05
K09823,3.6173E-05
K14065,3.61823E-05
K06927,3.62024E-05
K09921,3.62137E-05
K07740,3.63494E-05
K02466,3.63809E-05
K03337,3.63982E-05
K06980,3.6419E-05
K09774,3.65106E-05
K10548,3.6571E-05
K07349,3.65749E-05
K08723,3.65972E-05
K02344,3.65994E-05
K03690,3.66262E-05
K00009,3.66596E-05
K07692,3.67045E-05
K00101,3.67812E-05
K00261,3.6783E-05
K00694,3.68206E-05
K03672,3.68351E-05
K00325,3.68484E-05
K05844,3.68498E-05
K12370,3.6892E-05
K13574,3.69014E-05
K07285,3.69204E-05
K00867,3.69251E-05
K05541,3.69453E-05
K11895,3.69511E-05
K07172,3.69628E-05
K03809,3.69635E-05
K03579,3.7059E-05
K01640,3.70966E-05
K03647,3.71963E-05
K00494,3.72264E-05
K12972,3.72544E-05
K09946,3.72705E-05
K11747,3.73236E-05
K02194,3.73477E-05
K04770,3.7363E-05
K06211,3.74187E-05
K03214,3.7436E-05
K00769,3.75206E-05
K09899,3.75484E-05
K08996,3.75522E-05
K04023,3.75613E-05
K03600,3.75653E-05
K12368,3.76234E-05
K07393,3.76512E-05
K01002,3.76568E-05
K03757,3.77227E-05
K09689,3.77897E-05
K01250,3.78017E-05
K13650,3.78568E-05
K02106,3.79077E-05
K11161,3.79134E-05
K01259,3.79441E-05
K00344,3.79536E-05
K13638,3.79796E-05
K05966,3.80248E-05
K07709,3.80678E-05
K03683,3.81214E-05
K09918,3.81783E-05
K05835,3.82039E-05
K09002,3.82831E-05
K03676,3.8292E-05
K06968,3.82967E-05
K06438,3.84079E-05
K00086,3.84107E-05
K11904,3.84131E-05
K01636,3.84496E-05
K01523,3.84918E-05
K03578,3.8546E-05
K03641,3.86747E-05
K11926,3.87058E-05
K07348,3.87313E-05
K03291,3.87353E-05
K02404,3.87438E-05
K06899,3.87682E-05
K12290,3.88055E-05
K02468,3.89148E-05
K05834,3.89245E-05
K07034,3.89256E-05
K13891,3.89846E-05
K12147,3.89894E-05
K01085,3.90435E-05
K01076,3.90478E-05
K03670,3.90609E-05
K11179,3.90661E-05
K02024,3.91173E-05
K12962,3.91757E-05
K06603,3.92232E-05
K03289,3.92929E-05
K11383,3.93003E-05
K05982,3.93594E-05
K10943,3.93757E-05
K11744,3.93871E-05
K03817,3.93995E-05
K02413,3.95665E-05
K12944,3.97277E-05
K07186,3.97309E-05
K07039,3.97358E-05
K01632,3.97828E-05
K09964,3.98431E-05
K13979,3.98742E-05
K04026,3.98958E-05
K12067,4.00372E-05
K05880,4.004E-05
K07270,4.00845E-05
K05337,4.01082E-05
K06204,4.02232E-05
K05820,4.02245E-05
K05802,4.02409E-05
K02819,4.02913E-05
K08305,4.02969E-05
K03772,4.04526E-05
K11201,4.05805E-05
K10194,4.06525E-05
K06181,4.06545E-05
K01141,4.07166E-05
K01147,4.07269E-05
K00015,4.08031E-05
K09913,4.08147E-05
K00374,4.08249E-05
K12064,4.08261E-05
K02062,4.0855E-05
K03752,4.08724E-05
K08682,4.09068E-05
K03745,4.10445E-05
K03755,4.11033E-05
K01638,4.11283E-05
K03753,4.11502E-05
K07708,4.11644E-05
K08312,4.1174E-05
K00883,4.12156E-05
K12059,4.12202E-05
K08281,4.12739E-05
K08300,4.12939E-05
K06127,4.13519E-05
K08989,4.13592E-05
K11521,4.13674E-05
K11075,4.13831E-05
K07702,4.13845E-05
K01595,4.13916E-05
K11932,4.1429E-05
K03576,4.14622E-05
K02570,4.14778E-05
K00068,4.14951E-05
K01071,4.15405E-05
K02116,4.1544E-05
K05501,4.15677E-05
K07651,4.15904E-05
K02302,4.16458E-05
K00197,4.1702E-05
K12060,4.17462E-05
K05774,4.17755E-05
K05804,4.17816E-05
K00619,4.18161E-05
K02573,4.18166E-05
K12994,4.19583E-05
K02455,4.19765E-05
K07774,4.20023E-05
K07589,4.20459E-05
K02818,4.20609E-05
K11896,0.000042087
K06320,4.23018E-05
K06394,4.23312E-05
K11685,4.23856E-05
K05964,4.25085E-05
K03556,4.25833E-05
K01295,4.2636E-05
K02567,4.26678E-05
K03973,4.26942E-05
K07400,4.2807E-05
K07008,4.28111E-05
K01730,4.28155E-05
K03336,4.28256E-05
K09800,4.28598E-05
K06351,4.28845E-05
K08304,4.29251E-05
K01631,4.2983E-05
K01621,4.30653E-05
K03736,4.30797E-05
K12369,4.31442E-05
K11712,4.31638E-05
K01194,4.3164E-05
K12992,4.31703E-05
K09771,4.31854E-05
K06077,4.31863E-05
K05781,4.32154E-05
K11258,4.32848E-05
K05785,4.3467E-05
K02457,4.36779E-05
K02418,4.36944E-05
K10918,4.37549E-05
K02462,4.38057E-05
K08369,4.38559E-05
K03834,4.38779E-05
K09858,4.38849E-05
K00641,4.39253E-05
K07480,4.39685E-05
K03449,4.39781E-05
K05816,4.40145E-05
K01771,4.408E-05
K04084,4.41416E-05
K08993,4.42527E-05
K02278,4.43177E-05
K09490,4.43662E-05
K14591,4.44055E-05
K00162,4.45765E-05
K10547,4.45967E-05
K00772,4.46237E-05
K05343,4.47025E-05
K06203,4.48758E-05
K06295,4.4934E-05
K09766,4.4941E-05
K10192,4.49548E-05
K10760,4.49562E-05
K03451,4.50348E-05
K02688,4.51204E-05
K01061,4.51311E-05
K11184,4.5145E-05
K11893,4.54044E-05
K01216,4.54522E-05
K02783,4.56257E-05
K07771,4.56361E-05
K01838,4.56973E-05
K03577,4.57046E-05
K09007,4.59687E-05
K04082,4.60086E-05
K07645,4.60964E-05
K01919,4.6177E-05
K07770,4.61784E-05
K01428,4.62043E-05
K11329,4.62154E-05
K02744,4.62538E-05
K01792,4.63634E-05
K07799,4.64047E-05
K02841,4.64081E-05
K02806,4.64198E-05
K01708,4.6427E-05
K10805,4.64751E-05
K02389,4.64782E-05
K07716,4.65268E-05
K02409,4.65364E-05
K00030,4.65705E-05
K02390,4.66218E-05
K13954,4.66571E-05
K04030,4.67016E-05
K08310,4.68322E-05
K07812,4.68402E-05
K07452,4.68433E-05
K00370,4.68494E-05
K06998,4.70129E-05
K08680,4.70699E-05
K06396,4.70746E-05
K02191,4.7114E-05
K11891,4.72071E-05
K02119,4.72446E-05
K00955,4.72588E-05
K03338,4.72651E-05
K02019,4.72836E-05
K00574,0.000047321
K07074,4.73464E-05
K08092,4.74119E-05
K07278,4.74508E-05
K02168,4.74586E-05
K03638,4.74607E-05
K01150,4.74675E-05
K01761,4.74932E-05
K03316,4.75197E-05
K07533,4.75463E-05
K07313,4.75634E-05
K02052,4.75948E-05
K11076,4.76571E-05
K13963,4.76682E-05
K05499,4.76801E-05
K07485,4.7767E-05
K03808,4.78868E-05
K07184,4.79113E-05
K03535,4.79599E-05
K07346,4.7983E-05
K09889,4.80402E-05
K11906,4.81234E-05
K04044,4.81468E-05
K11103,4.81558E-05
K01113,4.81955E-05
K11203,4.83011E-05
K08159,4.83201E-05
K02532,4.83882E-05
K10678,4.83921E-05
K03560,4.84244E-05
K02507,4.85017E-05
K13049,4.85172E-05
K09824,4.87004E-05
K00712,4.87079E-05
K02197,4.87495E-05
K11202,4.87679E-05
K07677,4.88016E-05
K00795,4.88065E-05
K01659,4.88495E-05
K10193,4.88549E-05
K01501,4.88556E-05
K13052,4.89434E-05
K02075,4.89823E-05
K06404,4.89973E-05
K07019,4.90373E-05
K03071,4.90728E-05
K09474,4.93021E-05
K00693,4.94175E-05
K05838,4.94736E-05
K08485,4.94744E-05
K07236,4.94775E-05
K01772,4.95521E-05
K14392,4.97105E-05
K09749,4.97654E-05
K02055,4.97691E-05
K13020,4.97973E-05
K06866,4.98001E-05
K03926,4.98371E-05
K04019,4.99601E-05
K04755,5.00154E-05
K08590,5.00407E-05
K01551,5.00588E-05
K08282,5.00628E-05
K02471,5.00946E-05
K01028,5.0144E-05
K09798,5.0184E-05
K12150,0.000050234
K03762,5.02422E-05
K00982,5.02691E-05
K03382,5.02712E-05
K13637,5.03679E-05
K00161,5.04346E-05
K07145,5.06486E-05
K03605,5.06767E-05
K02080,5.06835E-05
K00187,5.07136E-05
K03732,5.08026E-05
K11905,5.08087E-05
K03758,5.08776E-05
K07243,5.0928E-05
K02345,5.09893E-05
K00662,5.10619E-05
K00691,5.11161E-05
K14051,5.11664E-05
K00194,5.12858E-05
K07661,5.13201E-05
K10543,5.14239E-05
K00380,5.15425E-05
K07101,5.16306E-05
K01932,5.16486E-05
K05539,5.1691E-05
K03806,5.18335E-05
K03651,5.18756E-05
K01011,5.19398E-05
K07403,5.19477E-05
K05396,5.19654E-05
K05939,5.19718E-05
K07237,5.19753E-05
K13896,5.20248E-05
K00023,5.20399E-05
K00112,5.21674E-05
K01823,5.22072E-05
K07689,5.22367E-05
K10017,5.23191E-05
K10038,5.24605E-05
K03457,5.25067E-05
K08961,5.25443E-05
K03643,5.26774E-05
K02397,5.27681E-05
K04085,5.28022E-05
K03969,5.28241E-05
K02453,5.29533E-05
K13480,5.30137E-05
K05520,5.30183E-05
K01664,5.30714E-05
K01512,5.30973E-05
K04744,5.31874E-05
K07320,5.32352E-05
K00373,5.32736E-05
K00231,5.32874E-05
K00990,5.3323E-05
K11720,5.34143E-05
K09910,5.35708E-05
K00556,5.36379E-05
K13889,5.3752E-05
K01118,5.37845E-05
K09988,5.3815E-05
K13888,5.38624E-05
K09949,5.39408E-05
K01034,5.41008E-05
K03425,5.41273E-05
K00164,5.41429E-05
K08139,5.43198E-05
K07235,5.45346E-05
K03549,5.45908E-05
K12999,5.4711E-05
K13653,5.47486E-05
K02853,5.48166E-05
K04754,5.49114E-05
K06908,5.49396E-05
K07316,5.50736E-05
K00198,5.51187E-05
K03674,5.51589E-05
K06193,5.51766E-05
K01060,5.54039E-05
K08280,5.55263E-05
K14261,5.55899E-05
K01706,5.56629E-05
K00091,5.57899E-05
K12511,5.57935E-05
K03981,5.58924E-05
K00247,5.59652E-05
K01894,5.59796E-05
K02478,5.60497E-05
K06298,5.60942E-05
K02192,5.61491E-05
K03769,5.62235E-05
K03684,5.62478E-05
K11250,5.6326E-05
K01255,5.63724E-05
K00851,5.64108E-05
K13735,5.64987E-05
K14059,5.65397E-05
K10974,5.66303E-05
K10012,5.67095E-05
K04565,5.68108E-05
K00681,5.6822E-05
K09706,5.68771E-05
K03746,5.70239E-05
K08137,5.70284E-05
K02799,5.70662E-05
K02800,5.70662E-05
K09892,5.70856E-05
K02427,5.70944E-05
K06903,5.71406E-05
K06879,5.73817E-05
K03562,5.74008E-05
K11900,5.74718E-05
K03478,5.75147E-05
K02552,5.75617E-05
K06952,5.75806E-05
K04028,5.75851E-05
K03738,5.75948E-05
K03566,5.77896E-05
K07659,5.80236E-05
K03980,5.8221E-05
K09155,5.8222E-05
K00082,5.83647E-05
K02041,5.83977E-05
K09516,5.84028E-05
K05794,5.84694E-05
K09979,5.8478E-05
K01222,5.84964E-05
K06864,5.85493E-05
K03429,5.86538E-05
K01879,5.8694E-05
K03215,5.88054E-05
K02044,5.89344E-05
K01029,5.90639E-05
K04014,5.90802E-05
K09924,5.91107E-05
K01322,5.92872E-05
K06144,5.93058E-05
K07141,5.94122E-05
K08660,5.94224E-05
K00758,5.95078E-05
K09972,5.95696E-05
K11892,5.96255E-05
K12266,5.97526E-05
K07109,5.97777E-05
K07504,5.97782E-05
K13004,5.97879E-05
K10126,5.98567E-05
K07070,6.01007E-05
K02199,6.01293E-05
K06195,6.01585E-05
K03833,6.01652E-05
K03820,6.03278E-05
K06904,6.03321E-05
K02200,6.03894E-05
K03335,6.03897E-05
K10010,6.04002E-05
K09698,6.04366E-05
K07670,6.05173E-05
K05589,6.06171E-05
K03611,6.06457E-05
K01865,6.08393E-05
K02411,6.08805E-05
K12983,6.09042E-05
K09769,6.11692E-05
K03815,6.13299E-05
K06017,6.14147E-05
K09022,6.14748E-05
K10004,6.14835E-05
K01414,6.16671E-05
K03389,6.17774E-05
K03722,6.18962E-05
K02458,6.19843E-05
K09770,6.20695E-05
K03841,6.21239E-05
K11719,6.2215E-05
K00690,6.22876E-05
K07357,6.24771E-05
K00520,6.25545E-05
K06149,6.26265E-05
K00313,6.26714E-05
K00383,6.27736E-05
K11107,6.28688E-05
K07749,6.30796E-05
K07502,6.31103E-05
K08322,6.31503E-05
K01139,6.31681E-05
K05685,6.31714E-05
K00394,6.3192E-05
K03415,6.32785E-05
K03774,6.33127E-05
K08323,6.34224E-05
K00390,6.34268E-05
K01042,6.34365E-05
K13626,6.34388E-05
K07714,6.34593E-05
K00627,6.34633E-05
K07813,6.34789E-05
K03388,6.36305E-05
K03480,6.3781E-05
K09158,6.38376E-05
K13542,6.38536E-05
K10026,6.3932E-05
K00294,6.39566E-05
K00371,6.42006E-05
K04088,6.43834E-05
K01039,6.43836E-05
K01494,6.43922E-05
K00060,6.44023E-05
K02575,6.45282E-05
K12503,6.46515E-05
K00364,6.47914E-05
K01557,6.48061E-05
K02454,6.504E-05
K01739,6.50558E-05
K08992,6.51169E-05
K05809,6.51674E-05
K00824,6.51876E-05
K06205,6.52364E-05
K09788,6.54242E-05
K07662,6.54509E-05
K00096,6.55291E-05
K07482,6.57115E-05
K04015,6.57735E-05
K03667,6.58227E-05
K03824,6.60327E-05
K03855,6.60479E-05
K02839,6.61679E-05
K01133,6.61865E-05
K03721,6.62311E-05
K00832,6.63442E-05
K07076,6.65074E-05
K00065,6.65233E-05
K00002,6.65248E-05
K03117,6.67814E-05
K09692,6.68428E-05
K00389,6.68941E-05
K02456,6.69533E-05
K03688,6.7269E-05
K03735,6.74224E-05
K00980,6.74638E-05
K03764,6.74809E-05
K07733,6.75224E-05
K09897,6.75821E-05
K00972,6.76567E-05
K07489,6.77148E-05
K00632,6.77755E-05
K00245,6.78357E-05
K03297,6.7931E-05
K04061,6.7954E-05
K03599,6.80951E-05
K06403,6.82377E-05
K03146,6.82409E-05
K13017,6.82842E-05
K04027,6.83712E-05
K03475,6.84087E-05
K03720,6.84088E-05
K07679,6.86246E-05
K01232,6.87913E-05
K00020,6.88627E-05
K01589,6.90035E-05
K10778,6.91994E-05
K02763,6.92036E-05
K02764,6.92036E-05
K02765,6.92036E-05
K05814,6.92443E-05
K13821,6.92941E-05
K02082,6.94188E-05
K03089,6.94222E-05
K04024,6.94474E-05
K02053,6.99053E-05
K02851,7.02624E-05
K00113,7.03012E-05
K03179,7.04068E-05
K09904,7.0443E-05
K02417,7.05124E-05
K06978,7.07104E-05
K07644,7.07211E-05
K00590,7.07485E-05
K09759,7.07771E-05
K01496,7.07918E-05
K08311,7.08222E-05
K06395,7.09103E-05
K13641,7.10732E-05
K10200,7.12001E-05
K05364,7.12384E-05
K07345,7.12389E-05
K03390,7.14563E-05
K01226,7.16038E-05
K07664,7.17806E-05
K10844,7.22178E-05
K12339,7.23221E-05
K01826,7.24261E-05
K02077,7.25284E-05
K09773,7.27483E-05
K00561,7.31735E-05
K07684,7.33292E-05
K01910,7.33374E-05
K07455,7.3424E-05
K02226,7.37503E-05
K03972,7.37593E-05
K03831,7.37684E-05
K06867,7.39601E-05
K00889,7.40325E-05
K02103,7.40409E-05
K12068,7.42694E-05
K05895,7.43993E-05
K02773,7.44242E-05
K13685,7.46859E-05
K09898,7.49496E-05
K01917,7.49773E-05
K10119,7.51391E-05
K06410,7.51634E-05
K02446,7.52995E-05
K05796,7.53301E-05
K02533,7.54505E-05
K02822,7.54542E-05
K02421,7.5464E-05
K08177,7.55779E-05
K07339,7.56148E-05
K01478,7.56268E-05
K02047,7.56392E-05
K12452,7.57759E-05
K00588,7.59404E-05
K07459,7.60139E-05
K09767,7.60838E-05
K02502,7.61355E-05
K02256,7.64215E-05
K06382,7.65086E-05
K10117,7.66473E-05
K00169,7.66964E-05
K11907,7.67176E-05
K03412,7.68223E-05
K07343,7.69864E-05
K01208,7.70068E-05
K03410,0.000077081
K01160,7.71398E-05
K01299,7.72852E-05
K02919,7.72961E-05
K06726,7.73228E-05
K03649,7.75739E-05
K09974,7.76019E-05
K03407,7.76158E-05
K12940,7.77181E-05
K02810,7.77185E-05
K02809,7.77185E-05
K06887,7.77808E-05
K01136,7.78335E-05
K01376,7.79596E-05
K02401,7.80712E-05
K00997,7.81305E-05
K03300,7.83507E-05
K05800,7.84272E-05
K09925,7.84766E-05
K06956,7.85696E-05
K00127,7.86567E-05
K07217,7.87357E-05
K09896,7.9016E-05
K02237,7.92743E-05
K07032,7.93651E-05
K06143,7.95563E-05
K05786,7.95744E-05
K03658,7.95755E-05
K03837,7.96511E-05
K02439,7.97548E-05
K05341,8.01596E-05
K07315,8.02517E-05
K12343,8.02872E-05
K09803,8.03197E-05
K11176,8.04345E-05
K06016,8.09006E-05
K02195,8.09192E-05
K01849,8.09253E-05
K06393,8.09523E-05
K09001,8.11389E-05
K01916,8.12972E-05
K00246,8.13169E-05
K06392,8.18289E-05
K06413,8.18951E-05
K00282,8.20208E-05
K03272,0.000082067
K13006,8.26564E-05
K14534,8.26855E-05
K01007,8.27206E-05
K01112,8.28701E-05
K01286,8.29323E-05
K03767,8.29477E-05
K02412,8.31268E-05
K01746,8.32389E-05
K06397,8.33442E-05
K09802,8.34751E-05
K01816,8.3673E-05
K06218,8.36932E-05
K02388,8.37116E-05
K07084,0.000083754
K00575,8.38561E-05
K01611,8.39226E-05
K14415,8.4046E-05
K06387,8.43525E-05
K01779,8.44587E-05
K01464,8.45589E-05
K00104,8.45918E-05
K02279,8.46031E-05
K08321,8.51459E-05
K05882,8.55617E-05
K13288,8.55637E-05
K06910,8.56647E-05
K01753,8.59935E-05
K10852,8.60513E-05
K02652,8.61942E-05
K06987,8.62859E-05
K02198,8.62968E-05
K02798,8.64264E-05
K02774,8.65105E-05
K02398,8.67018E-05
K02054,8.67024E-05
K07130,8.67537E-05
K07112,8.6864E-05
K03557,8.68777E-05
K06133,8.73871E-05
K00124,8.74153E-05
K06381,8.74954E-05
K14414,8.80919E-05
K06408,8.81265E-05
K06012,8.82432E-05
K01841,8.83312E-05
K01305,8.83674E-05
K00353,8.85271E-05
K09952,8.85811E-05
K02045,8.86098E-05
K02408,8.87845E-05
K07678,8.90236E-05
K09459,8.90432E-05
K03620,8.91463E-05
K05815,8.94807E-05
K01058,8.97096E-05
K04034,8.98046E-05
K03087,8.99012E-05
K09121,8.99248E-05
K01419,8.99866E-05
K06907,0.000090084
K02793,9.05937E-05
K01449,9.05956E-05
K00042,9.07267E-05
K01162,9.09324E-05
K07448,9.1026E-05
K03317,9.10631E-05
K03604,9.10755E-05
K06898,9.1169E-05
K12941,9.13078E-05
K07160,9.13166E-05
K03411,9.16654E-05
K02379,9.16773E-05
K04760,9.17307E-05
K07559,9.17329E-05
K02825,9.18529E-05
K01078,9.20551E-05
K02584,9.2142E-05
K01848,9.25865E-05
K00674,9.26455E-05
K00230,9.27674E-05
K01666,9.28197E-05
K01247,9.287E-05
K07796,9.29068E-05
K10806,9.29551E-05
K04087,9.31215E-05
K02407,9.31366E-05
K03274,9.35629E-05
K03673,9.36198E-05
K00879,9.36415E-05
K03444,9.37209E-05
K10671,9.37995E-05
K10672,9.37995E-05
K06212,9.39234E-05
K02791,9.40208E-05
K02790,9.40208E-05
K02396,9.40219E-05
K03186,9.42428E-05
K03790,9.44661E-05
K10118,9.45302E-05
K07722,9.47354E-05
K13628,9.4915E-05
K01750,9.54152E-05
K01266,9.54952E-05
K08567,9.54995E-05
K07321,9.57132E-05
K13051,9.57846E-05
K01958,9.58027E-05
K03319,9.58853E-05
K00283,9.5896E-05
K02348,9.6004E-05
K02588,9.60116E-05
K02046,9.62806E-05
K07474,9.66272E-05
K01596,9.66607E-05
K02416,9.68249E-05
K02395,9.68617E-05
K01560,9.73456E-05
K07248,9.75923E-05
K02492,9.77242E-05
K02779,9.78397E-05
K02410,9.78795E-05
K10039,9.79708E-05
K00996,9.79852E-05
K12527,9.80148E-05
K05847,9.80303E-05
K13018,9.82022E-05
K03098,9.84941E-05
K04656,9.85525E-05
K01822,9.86562E-05
K03182,9.86955E-05
K08602,9.88801E-05
K05305,9.90816E-05
K07047,9.91598E-05
K02653,9.99845E-05
K02405,0.000100017
K07776,0.000100565
K02760,0.000100663
K01684,0.000100891
K06006,0.000102138
K07792,0.000102317
K02017,0.00010241
K01488,0.000102612
K09954,0.000102755
K07571,0.000102914
K03750,0.000103005
K03830,0.000103067
K03325,0.000103077
K09935,0.000103247
K02821,0.000103267
K00547,0.000103365
K07347,0.000103656
K00532,0.000103849
K06909,0.000104018
K02843,0.000104164
K14260,0.000104196
K06390,0.000104438
K01760,0.000104443
K02007,0.000104689
K00064,0.000104887
K02556,0.000105244
K00219,0.000105581
K07031,0.000105596
K07397,0.000106051
K01304,0.000106181
K07663,0.000106198
K00917,0.000106536
K05945,0.000106541
K07115,0.000106698
K03610,0.000106992
K09973,0.000108473
K02160,0.000108868
K05799,0.000109264
K08252,0.000109615
K01026,0.000109973
K07712,0.000110071
K05878,0.00011016
K06189,0.000110582
K11381,0.000110639
K03446,0.000110843
K06915,0.000110915
K06079,0.000111585
K07406,0.000111658
K02746,0.000111879
K09936,0.000112603
K06281,0.000112755
K05879,0.000113027
K02419,0.000113451
K02420,0.000113712
K02771,0.000113863
K02778,0.000114008
K02558,0.000114719
K14058,0.000114981
K03074,0.000115479
K06859,0.000115699
K00428,0.000115699
K02400,0.000116349
K04031,0.000116442
K02566,0.000116511
K01878,0.000116728
K01679,0.000116935
K03640,0.000117095
K02431,0.000117113
K06282,0.000117584
K04081,0.000117688
K07481,0.000117853
K02048,0.000118815
K02441,0.000118982
K03707,0.000119351
K04072,0.000119401
K02387,0.000119437
K02444,0.000119443
K05845,0.00011954
K02794,0.00011965
K01256,0.000120522
K13990,0.000120913
K11921,0.000121169
K07498,0.000121875
K10036,0.000121931
K07467,0.0001221
K00050,0.000122344
K03484,0.000123122
K05985,0.00012323
K12510,0.000123569
K07000,0.000123762
K11104,0.000124353
K06385,0.000124406
K07012,0.000124593
K06940,0.000124732
K06967,0.000124812
K10819,0.000125049
K03931,0.000125182
K07584,0.000125325
K00128,0.000125574
K00697,0.00012566
K10188,0.000125777
K05795,0.00012621
K07062,0.000126658
K03927,0.000126825
K06902,0.0001269
K03326,0.000127254
K01183,0.000127364
K01303,0.000127835
K02022,0.000127894
K01181,0.00012837
K08717,0.000128491
K03660,0.000128714
K02852,0.000129148
K02667,0.000129277
K07341,0.000130128
K00989,0.000130694
K02023,0.000130901
K07149,0.000131192
K06970,0.000131291
K02042,0.00013138
K07099,0.000131596
K04080,0.000131753
K08309,0.000132287
K07666,0.000132886
K00170,0.000133051
K01040,0.000133571
K06182,0.000133596
K05813,0.000133882
K03563,0.000134766
K02805,0.00013501
K07223,0.000135699
K07495,0.000135754
K07071,0.000135815
K03700,0.000135914
K00171,0.000136115
K02747,0.000136157
K01218,0.000136191
K03666,0.000136266
K01643,0.000136524
K05367,0.000136531
K06399,0.000136968
K03299,0.000137014
K11991,0.000137209
K01267,0.000137836
K01235,0.000138057
K06894,0.000138472
K01023,0.000138699
K00924,0.000139011
K04655,0.00013923
K07461,0.000139239
K01067,0.000139389
K05905,0.000139626
K07221,0.000140062
K05350,0.000140282
K03748,0.000140733
K07048,0.000141308
K13922,0.00014152
K00702,0.000141811
K00563,0.000142106
K02445,0.00014249
K00005,0.00014283
K01581,0.000142926
K13479,0.000142938
K03408,0.000143084
K01156,0.000143168
K01439,0.000143392
K01476,0.000143418
K01185,0.000143516
K07010,0.000143757
K02392,0.000144632
K00284,0.000144816
K00156,0.000144847
K03488,0.000144858
K00819,0.000144965
K07017,0.000145781
K05297,0.000146234
K08659,0.000146429
K07050,0.000146448
K08974,0.000146519
K01903,0.000146545
K01197,0.000146634
K03295,0.000146741
K07492,0.000147658
K01552,0.000148484
K03072,0.000148594
K07798,0.000148695
K07726,0.000148971
K01485,0.000149502
K00968,0.000149538
K07118,0.000150827
K03608,0.00015085
K01451,0.00015119
K10190,0.000151882
K01749,0.000152539
K03706,0.000153397
K02230,0.000153925
K09650,0.000154873
K02422,0.00015488
K04654,0.00015498
K01845,0.000155117
K00010,0.000155147
K03293,0.000155857
K03781,0.000156266
K10189,0.000156597
K03826,0.000156909
K13010,0.000157218
K07816,0.0001573
K00872,0.000157534
K06972,0.000157624
K07080,0.000157868
K03642,0.000157888
K07033,0.00015793
K03385,0.000158043
K06179,0.0001591
K03885,0.000159785
K02440,0.000159816
K04094,0.000159934
K03592,0.000160253
K03694,0.000161047
K02761,0.00016124
K09797,0.000161461
K01615,0.000162172
K08722,0.000162575
K06923,0.00016336
K03779,0.000163497
K02081,0.000165601
K07552,0.000165965
K10563,0.000166111
K01644,0.000166643
K09758,0.000166716
K08302,0.000166977
K01646,0.000167228
K13012,0.000167282
K03568,0.000167731
K01902,0.000168565
K05591,0.000168699
K01191,0.000169564
K07486,0.000170097
K01605,0.000170727
K06209,0.000170978
K02438,0.000171759
K00756,0.000171807
K02669,0.000171837
K08963,0.000171865
K10834,0.000172079
K02203,0.000172653
K04029,0.000173127
K00684,0.000173312
K01436,0.000173434
K06897,0.000173683
K01182,0.000174242
K06409,0.000174713
K01048,0.000175005
K00799,0.000175025
K01751,0.000175076
K01492,0.000175128
K06215,0.000175175
K03529,0.00017551
K09181,0.000176479
K09163,0.000176663
K02651,0.000176736
K02443,0.00017737
K05995,0.000177688
K04652,0.000178553
K03639,0.000178594
K08259,0.000178663
K01698,0.000178785
K08217,0.000178823
K07404,0.000179074
K02654,0.000180385
K07652,0.000180674
K07035,0.000180947
K05896,0.000181286
K01480,0.000181312
K02777,0.000181417
K00302,0.000182521
K02122,0.000183372
K06996,0.000183644
K01709,0.00018421
K00549,0.000184548
K08279,0.00018529
K03311,0.000185741
K01234,0.000186659
K00658,0.000186756
K07023,0.000187379
K03780,0.000187766
K07305,0.00018838
K02020,0.000188381
K06411,0.000188453
K03756,0.000188777
K01962,0.000188785
K03710,0.000189728
K00087,0.000190317
K01201,0.000190329
K02189,0.000190469
K11537,0.000190933
K01470,0.000191265
K09775,0.000191473
K01297,0.000191977
K07150,0.000192056
K01421,0.000192499
K03571,0.000192651
K05801,0.000193001
K02795,0.000193001
K03465,0.000193206
K12960,0.000193209
K01195,0.000193742
K08681,0.000193819
K08234,0.000194131
K09939,0.00019434
K01807,0.000195775
K03698,0.000195848
K07015,0.000196081
K00008,0.000196187
K07787,0.000196477
K05885,0.000196868
K03712,0.000197284
K03818,0.000197292
K03785,0.000197612
K03436,0.000197779
K04764,0.000199476
K02499,0.000199495
K10254,0.000199677
K09762,0.000199748
K12524,0.00020042
K00983,0.000201277
K11527,0.00020138
K03303,0.000201787
K02434,0.00020202
K01137,0.000202222
K00172,0.000202328
K02472,0.000202795
K06374,0.000202969
K00666,0.000202975
K00805,0.000203725
K06885,0.00020383
K03413,0.000204114
K01173,0.000205147
K02068,0.000205617
K02759,0.000206603
K00375,0.00020662
K06891,0.000207032
K00265,0.000207085
K01486,0.000207456
K13378,0.000207595
K10109,0.000208539
K04653,0.000208653
K07783,0.000209023
K01531,0.000209646
K04651,0.000209682
K01788,0.000209942
K09680,0.000210118
K09702,0.000210958
K03503,0.000211033
K02775,0.000211558
K10041,0.000211974
K07260,0.000212426
K01835,0.000212557
K00595,0.00021269
K04517,0.000213133
K02474,0.00021378
K07793,0.000213901
K07239,0.000214022
K04477,0.000214169
K08641,0.0002143
K08223,0.000214473
K06398,0.00021479
K06042,0.000214959
K07175,0.000215081
K06406,0.000215138
K07319,0.000215218
K04070,0.00021556
K03294,0.000215942
K00281,0.000216148
K09807,0.000217891
K02549,0.000217985
K11996,0.000217996
K01041,0.000218152
K06221,0.000219705
K02361,0.00021984
K03800,0.000220068
K03430,0.000221258
K11928,0.000222196
K04042,0.000222287
K07741,0.000222466
K00526,0.000222557
K00459,0.000222839
K01433,0.000223849
K00860,0.000223959
K07185,0.000223987
K06076,0.00022413
K10441,0.000224513
K02856,0.000224606
K02099,0.000225164
K07045,0.000225208
K03273,0.000225748
K05968,0.000225857
K01567,0.0002262
K00965,0.000226457
K06934,0.000226559
K01277,0.000226713
K08384,0.000226841
K01193,0.000226886
K11688,0.000227116
K06962,0.000227244
K06188,0.00022795
K10110,0.000228122
K01963,0.000228179
K07284,0.000228276
K00878,0.000228341
K01858,0.000228729
K07862,0.000230747
K10108,0.000230932
K02010,0.000230963
K00346,0.000232059
K07183,0.000232338
K06412,0.000232599
K00359,0.000232843
K07037,0.000233144
K00797,0.000233711
K01582,0.000234203
K01224,0.000234433
K14170,0.000235067
K00123,0.000236588
K06989,0.000236653
K01213,0.000236696
K07464,0.000236831
K07699,0.00023688
K07736,0.00023793
K00620,0.000238543
K02435,0.000238647
K02069,0.000238722
K09789,0.000238807
K07574,0.000239549
K01819,0.000239829
K00341,0.000239901
K01192,0.000240241
K00040,0.000240341
K03077,0.000240346
K08138,0.000241788
K01599,0.000241949
K03546,0.000242311
K10040,0.000242413
K07220,0.000242791
K08600,0.000243199
K05776,0.000244383
K01251,0.000244775
K00786,0.000244998
K01667,0.000245083
K03975,0.000245779
K04769,0.000245976
K08169,0.000246088
K01786,0.000247314
K00974,0.000247442
K03743,0.000247443
K02755,0.000247483
K01844,0.000247534
K00903,0.000247666
K01828,0.000248002
K09011,0.000248614
K03387,0.000248871
K02433,0.000248915
K01628,0.000249451
K06138,0.000249717
K02011,0.000250418
K09793,0.000250461
K00016,0.000250585
K09768,0.000251554
K03616,0.000251855
K02012,0.000252872
K10440,0.00025293
K13652,0.000253477
K07089,0.000253478
K13059,0.00025394
K09690,0.000254043
K01423,0.000254512
K06177,0.000255645
K00343,0.000255662
K01468,0.000256394
K07259,0.000256418
K02188,0.000256479
K00275,0.000256797
K03151,0.000257014
K07273,0.000257311
K01356,0.000257356
K02058,0.000257388
K01205,0.000257602
K03500,0.000257657
K04773,0.000257702
K01422,0.000258107
K00029,0.000258797
K05846,0.00025931
K02757,0.000259629
K02756,0.000259629
K01818,0.000259673
K06890,0.000260096
K07304,0.000260144
K00342,0.000260341
K02745,0.000260352
K02169,0.000260703
K00634,0.000260742
K00895,0.000260779
K03306,0.000261168
K03609,0.000261511
K00853,0.000261713
K07386,0.000261847
K06334,0.000261964
K03763,0.000261991
K01176,0.000263987
K01095,0.000264223
K01654,0.000264231
K00978,0.000264476
K02334,0.000264685
K12942,0.000264887
K03286,0.000264914
K02796,0.000264956
K07718,0.000265026
K07775,0.000265497
K02488,0.000265552
K12344,0.000265739
K00351,0.000266233
K01066,0.000266622
K02769,0.000267413
K02770,0.000267661
K00882,0.000267747
K01804,0.000267771
K03060,0.000268771
K01580,0.000269446
K03856,0.000269863
K06024,0.000270683
K01805,0.00027069
K07576,0.000271148
K06379,0.000271766
K08289,0.00027288
K05993,0.000273101
K10536,0.000273247
K03799,0.000273601
K07487,0.000274379
K01677,0.000274622
K08316,0.000274712
K01911,0.000274807
K03394,0.000274822
K01008,0.000274837
K04516,0.000274933
K03784,0.000275309
K06113,0.000275834
K01895,0.000276538
K01514,0.000276756
K07791,0.000276929
K11105,0.000277816
K14540,0.000277861
K01200,0.000278204
K04720,0.000278656
K03637,0.000279063
K01198,0.00027912
K01715,0.000279314
K00956,0.00027961
K00647,0.000279861
K11934,0.000280289
K02067,0.000280327
K00943,0.000280988
K01241,0.000281086
K05306,0.000282552
K00821,0.000282588
K01081,0.000282773
K01119,0.000283978
K02002,0.000284158
K01585,0.000284195
K02224,0.000284359
K00337,0.000284793
K03590,0.00028497
K00347,0.000285578
K03313,0.000285915
K06023,0.00028689
K08676,0.00028734
K01207,0.000287376
K06194,0.000289035
K07105,0.000289281
K02768,0.0002894
K02557,0.000290426
K03814,0.000290579
K09777,0.000290667
K00966,0.000291589
K03473,0.00029185
K02621,0.000291911
K06206,0.000291938
K06183,0.000292048
K01546,0.000292202
K01070,0.000292422
K01069,0.000292637
K13694,0.000292883
K01079,0.000293331
K01273,0.000293666
K06407,0.000295346
K07003,0.000295379
K07030,0.000296253
K02804,0.000296361
K08999,0.000296426
K03587,0.000296724
K01665,0.000297881
K05340,0.000298662
K01547,0.000298847
K09787,0.000299239
K03423,0.000299351
K02428,0.000299673
K00970,0.000300168
K07124,0.000300587
K07053,0.000300986
K07192,0.000301024
K13043,0.000301241
K01998,0.000301375
K08325,0.000301913
K03320,0.000302768
K05934,0.000303675
K04083,0.000304116
K10670,0.000304207
K11145,0.000304534
K01573,0.000305079
K01676,0.000305362
K00033,0.000305744
K02803,0.000305781
K01144,0.000305985
K12267,0.000306713
K00335,0.00030679
K09691,0.000307186
K03092,0.000307245
K00257,0.000307527
K00811,0.000307663
K03789,0.000307738
K03581,0.000307764
K01712,0.00030882
K07387,0.000310236
K02283,0.000310262
K06405,0.000311064
K02001,0.000311436
K01693,0.000312284
K07277,0.0003131
K09015,0.000314684
K01175,0.000315304
K01212,0.000315834
K03644,0.000316244
K03281,0.000316436
K03271,0.00031649
K01438,0.000316785
K01487,0.000317437
K02574,0.000318783
K07040,0.000318829
K08191,0.000320218
K03770,0.000321426
K02121,0.000321505
K01728,0.000321713
K00912,0.000322639
K01089,0.000322978
K02000,0.000323385
K07720,0.000324675
K02551,0.000325227
K00244,0.000325509
K02073,0.000326959
K02232,0.000327142
K03677,0.000327373
K03315,0.000327995
K00348,0.000328493
K00003,0.000328908
K06346,0.000330843
K01500,0.000331377
K00676,0.000331721
K12257,0.000331792
K02123,0.00033188
K01843,0.00033191
K01745,0.000332668
K05807,0.000333146
K06926,0.000333157
K04518,0.000333166
K08070,0.000333281
K03547,0.000333556
K01839,0.000333634
K06872,0.000333792
K02071,0.000333958
K11358,0.000334348
K11741,0.000334389
K09704,0.000335067
K00957,0.000335279
K01626,0.00033597
K01999,0.000336141
K02238,0.000336604
K01057,0.000337062
K06001,0.000337272
K00946,0.000337394
K01692,0.000337502
K08591,0.000337565
K03543,0.000337673
K00748,0.000338598
K13643,0.000339474
K00111,0.000340422
K00833,0.000341058
K02527,0.000341639
K00985,0.000341956
K00926,0.000343097
K10112,0.000343178
K02536,0.000344061
K02619,0.000344848
K01678,0.000345373
K07658,0.000345414
K00603,0.000348012
K06283,0.000349083
K07126,0.000349111
K06895,0.000349526
K12574,0.000349714
K07588,0.000349717
K07216,0.00034991
K03455,0.000349961
K04095,0.000350119
K02018,0.000352983
K01092,0.00035347
K00929,0.000354223
K01179,0.000354335
K00533,0.000354519
K00334,0.000354672
K05521,0.000355013
K07334,0.000355142
K00432,0.000355188
K01850,0.000355761
K01163,0.000355912
K02190,0.000356109
K02622,0.00035665
K09808,0.000356859
K07814,0.000357367
K01997,0.000357654
K07496,0.000358404
K00027,0.000358839
K12251,0.000359058
K10542,0.000359856
K00278,0.000360105
K00210,0.000360701
K00852,0.000360968
K01795,0.000360973
K08301,0.00036175
K03741,0.000362674
K00812,0.000363078
K00848,0.000363394
K06167,0.000363694
K02227,0.000363895
K01223,0.000364516
K10541,0.000364734
K00179,0.000364793
K07713,0.00036531
K08307,0.000365366
K11085,0.000365507
K01271,0.000365859
K08884,0.000366608
K00947,0.000367021
K00358,0.00036788
K02523,0.000368192
K07027,0.00036825
K05540,0.00036887
K00036,0.000369356
K07402,0.000369993
K03621,0.000370348
K07214,0.000370428
K00336,0.000370435
K01537,0.000370496
K03803,0.000370818
K00949,0.000371741
K00818,0.000372108
K05936,0.00037238
K00963,0.000373624
K09157,0.000375215
K00339,0.000375246
K06373,0.000375763
K11927,0.000375794
K11749,0.000376898
K02233,0.000377236
K09125,0.000377315
K07164,0.000377345
K03312,0.000379003
K03305,0.000379308
K03558,0.000380511
K02535,0.000380762
K05516,0.000381391
K09815,0.000382946
K00425,0.000383157
K07405,0.000383994
K07007,0.000384985
K00239,0.000386216
K01090,0.000386729
K03775,0.00038706
K01186,0.00038743
K02231,0.000387479
K01657,0.000387812
K01661,0.000387812
K01529,0.000387875
K08156,0.000388526
K02517,0.000388642
K02548,0.000389058
K03149,0.000389567
K03183,0.000390383
K03801,0.000390504
K01995,0.00039102
K07106,0.000391481
K09825,0.000392579
K07166,0.000392621
K01817,0.000393864
K01989,0.000394826
K01609,0.000395153
K04761,0.000396447
K00349,0.000396942
K00768,0.000397454
K02824,0.000400226
K01571,0.000400249
K01155,0.000400567
K07458,0.000402138
K03322,0.000402463
K01420,0.000402927
K03321,0.000403111
K07668,0.000403469
K05946,0.000404289
K00605,0.000405326
K02049,0.000405724
K00180,0.00040579
K03502,0.000405853
K00901,0.000406397
K06959,0.000406707
K03523,0.000406982
K06442,0.000407524
K06020,0.000408009
K01134,0.000408113
K05832,0.000408611
K04047,0.000409655
K01467,0.000410616
K03827,0.000413106
K02481,0.000413741
K00537,0.000414199
K00865,0.0004146
K10907,0.000415998
K03406,0.000416219
K07282,0.000417071
K09760,0.000418086
K11690,0.000418209
K03518,0.000421022
K09747,0.000423635
K00041,0.000424774
K03612,0.000424814
K00766,0.000425342
K03771,0.000427076
K00259,0.000427323
K01996,0.000427587
K03572,0.000427971
K01754,0.000428189
K03594,0.000430251
K00350,0.000430312
K00077,0.000430579
K00652,0.000431276
K03474,0.000431711
K03431,0.000432492
K01627,0.000433006
K08483,0.000433128
K03628,0.000433709
K07263,0.000433733
K09790,0.000433764
K01506,0.000434284
K00525,0.000434376
K03426,0.000435206
K02315,0.00043542
K13747,0.000435706
K00528,0.000436277
K07456,0.000436455
K00763,0.000437255
K05366,0.000437758
K03631,0.000437986
K03575,0.000438447
K07138,0.000438587
K01953,0.000438607
K03723,0.000439738
K02897,0.000440219
K07735,0.000440914
K04041,0.000442473
K01813,0.000443492
K00378,0.000444443
K00426,0.000444763
K01629,0.000445264
K07738,0.000445844
K05989,0.000446617
K07078,0.000446697
K02072,0.000448711
K01934,0.000449639
K07493,0.000449828
K00097,0.00045019
K01548,0.000451171
K01425,0.000451535
K01463,0.000452138
K02066,0.00045225
K07483,0.000452891
K04488,0.000453193
K07271,0.000453694
K01935,0.000453772
K03705,0.000453783
K00177,0.000455703
K00998,0.000457316
K03606,0.000458273
K03147,0.000458388
K02343,0.00045876
K12573,0.000460234
K02341,0.000460248
K03466,0.000461339
K03517,0.000462558
K02614,0.000463498
K01696,0.000464264
K03593,0.000465613
K07335,0.000465719
K03733,0.000466422
K06223,0.000466454
K07058,0.000467456
K00331,0.000468706
K06178,0.000469123
K02065,0.00046929
K01768,0.000469458
K01960,0.000469497
K03696,0.000469665
K00796,0.000470875
K13292,0.000471058
K07082,0.000471344
K03811,0.000471433
K10439,0.000471607
K06041,0.00047168
K11072,0.000471993
K09014,0.000472288
K03269,0.000472295
K06199,0.000472431
K02118,0.000474714
K06901,0.000475
K01744,0.0004761
K05515,0.000476506
K13002,0.000476697
K07170,0.00047683
K04075,0.000477428
K00013,0.000477788
K02117,0.000477912
K06861,0.000478147
K02914,0.000478344
K01673,0.000478441
K01918,0.000479105
K01246,0.000479455
K03787,0.000479511
K00767,0.000480015
K03589,0.000480815
K07042,0.000481184
K02340,0.000483871
K02050,0.000484144
K04066,0.000484591
K03601,0.000484743
K07238,0.000485078
K03437,0.000485349
K02346,0.000486095
K01787,0.000486507
K00240,0.00048729
K03217,0.000488781
K01284,0.000489073
K06973,0.00048985
K03340,0.000490131
K01890,0.000490284
K09861,0.000490289
K03773,0.000490395
K01685,0.000490855
K07462,0.000491408
K02377,0.000493057
K03458,0.000493258
K07139,0.00049433
K11754,0.000494975
K07742,0.000495885
K00940,0.000497099
K00782,0.000497459
K05810,0.000497724
K00338,0.00049808
K00633,0.00049904
K01735,0.000500288
K00243,0.000500363
K05833,0.000500568
K01695,0.000501245
K00290,0.000501561
K11752,0.000503756
K01138,0.000504944
K04096,0.000505079
K10540,0.000505707
K01130,0.000505989
K03113,0.000506896
K03118,0.000508197
K02519,0.000508367
K03778,0.000508377
K09817,0.000509275
K01811,0.000510183
K09765,0.000510579
K00018,0.000511285
K01005,0.00051134
K03783,0.00051145
K00800,0.000511492
K01051,0.000511906
K01872,0.000512295
K03216,0.000512593
K06148,0.000512649
K01719,0.00051279
K01639,0.000512983
K01924,0.000515011
K09811,0.000515344
K01925,0.000515689
K07258,0.00051573
K07646,0.000515813
K01658,0.000516037
K03588,0.000516643
K07484,0.000516725
K02647,0.000517161
K07667,0.000517616
K01269,0.000517675
K02337,0.000519505
K03453,0.000519847
K04564,0.000520023
K01278,0.00052165
K02056,0.00052204
K02823,0.000522069
K03555,0.000522146
K03665,0.000522994
K03168,0.000523748
K01950,0.00052397
K07043,0.000525519
K01812,0.000526498
K13038,0.000526542
K02120,0.000527399
K01625,0.000528118
K01961,0.000528141
K08978,0.00052821
K05592,0.000530484
K03892,0.000530533
K09457,0.000530617
K01914,0.000531833
K07443,0.000531962
K02037,0.000532362
K01938,0.000532477
K03270,0.000532635
K01188,0.000532698
K02313,0.000532731
K00979,0.000533382
K00208,0.00053521
K00074,0.000535435
K02335,0.000535959
K01681,0.00053662
K00241,0.000536721
K02406,0.000536764
K07173,0.000537319
K00864,0.00053785
K00857,0.000538058
K02038,0.000538165
K01711,0.000538826
K07444,0.00053978
K01873,0.000540645
K03570,0.000540672
K02493,0.000541983
K07005,0.000542515
K11069,0.000542985
K04762,0.000543691
K09816,0.000543742
K00854,0.000544494
K01077,0.00054518
K06400,0.000545192
K00571,0.000545744
K00048,0.000546407
K00611,0.000547946
K03629,0.00054821
K00657,0.000549367
K00969,0.000549924
K00075,0.000550099
K03328,0.000550976
K03704,0.000551293
K03615,0.000551786
K06881,0.000551928
K07729,0.000552408
K00798,0.000552719
K04486,0.000553217
K01956,0.000554122
K07148,0.000554384
K01012,0.000554416
K03073,0.000554815
K09772,0.000555028
K03742,0.000555895
K02484,0.000555971
K03565,0.000557194
K03703,0.000559619
K02039,0.000559976
K01972,0.000559987
K02124,0.000561054
K10206,0.000563582
K11068,0.000564387
K03650,0.000564414
K11753,0.00056498
K00548,0.000564984
K07079,0.000565007
K03719,0.000565167
K07391,0.000565271
K07507,0.000566104
K00297,0.000566122
K00053,0.000566679
K00937,0.000566941
K12340,0.00056715
K13789,0.000568579
K02837,0.00056893
K00099,0.000570762
K07460,0.000572398
K02687,0.000572859
K11717,0.000572917
K01775,0.000573035
K00330,0.000573134
K00765,0.000573278
K03070,0.000573538
K01258,0.000574212
K00817,0.000574817
K01372,0.000575257
K07090,0.000575369
K01534,0.000575394
K00931,0.000575527
K06920,0.000575858
K03702,0.000577025
K01886,0.000577779
K01497,0.000578424
K01883,0.000578529
K06213,0.000579043
K03625,0.000579624
K01417,0.000580756
K00962,0.00058241
K07088,0.000582586
K07322,0.00058306
K00868,0.000583873
K11070,0.000584079
K01129,0.000584083
K00859,0.000585105
K00340,0.000585965
K00147,0.000587442
K09922,0.000588906
K00145,0.000590882
K01893,0.00059143
K01043,0.000591737
K09951,0.00059187
K06200,0.000592411
K08218,0.000592824
K00639,0.000593176
K01869,0.000595374
K12308,0.000595577
K01620,0.000596103
K01889,0.000597309
K01929,0.000597431
K01887,0.000598653
K01633,0.000599259
K03495,0.000599348
K02371,0.000599658
K03839,0.000600188
K03386,0.000600236
K00382,0.000600937
K00604,0.00060138
K01952,0.000601624
K09903,0.000601921
K11071,0.000602264
K03685,0.000602729
K01755,0.000603708
K01703,0.000603983
K01465,0.000604096
K01912,0.000605503
K01937,0.00060615
K01870,0.000607472
K01892,0.000608294
K02316,0.000609111
K01880,0.000609135
K00626,0.000609407
K00031,0.000610306
K01847,0.000610564
K00248,0.000610926
K01151,0.000611006
K03442,0.000611973
K03116,0.000613148
K03150,0.000614397
K04485,0.00061463
K00919,0.000615137
K03564,0.00061584
K01933,0.000615958
K03524,0.000616655
K07301,0.000616849
K00849,0.000617015
K01338,0.000618746
K00981,0.000620832
K03596,0.000621698
K06997,0.000623461
K01649,0.000623751
K01778,0.000625522
K03046,0.000625871
K01926,0.000626886
K00820,0.000627061
K03501,0.000627423
K01866,0.000627621
K00600,0.000627834
K02858,0.00062794
K00057,0.000629717
K03734,0.000629719
K06958,0.000629759
K01647,0.00063
K00606,0.000630075
K06207,0.000630189
K01945,0.000631229
K00024,0.00063246
K03584,0.000632792
K03307,0.000632909
K00757,0.000632938
K03614,0.000633444
K03106,0.000634043
K09761,0.000634058
K05837,0.00063415
K02563,0.000634685
K00610,0.000635174
K01495,0.000635688
K02500,0.000635792
K01613,0.000636993
K09117,0.000637921
K03550,0.000640398
K02835,0.000640818
K00645,0.000640998
K00941,0.00064156
K01000,0.000641959
K00858,0.00064293
K01623,0.000645459
K00133,0.000645684
K03823,0.0006462
K09955,0.000646531
K03978,0.000646763
K01159,0.00064733
K00052,0.000648184
K01726,0.000648444
K02338,0.000648583
K03110,0.000648746
K00925,0.000651428
K03744,0.000651876
K03527,0.000653187
K01814,0.000654145
K03979,0.00065425
K06153,0.000656147
K01607,0.000656714
K01874,0.000656809
K01733,0.000657836
K06960,0.000658717
K01243,0.000659473
K03292,0.00065972
K03525,0.000659841
K03101,0.000662129
K01704,0.000662597
K03816,0.000663494
K02358,0.000664128
K01533,0.000664634
K02528,0.00066493
K06201,0.000667323
K07979,0.000667487
K00560,0.000667887
K09810,0.000669189
K01736,0.000669581
K03559,0.000669942
K03043,0.000670397
K02357,0.000672016
K01006,0.000677878
K02051,0.000678256
K03531,0.000678469
K02036,0.000678699
K02426,0.000679788
K09812,0.000681299
K00625,0.000681623
K06942,0.000683574
K00773,0.000683718
K00567,0.000683985
K02860,0.000684533
K04567,0.000684813
K03152,0.000685528
K12410,0.000685706
K00174,0.000686106
K00995,0.000687419
K01867,0.000687888
K01687,0.000688842
K01591,0.000689201
K00873,0.000690027
K09013,0.000691718
K06131,0.000692885
K00837,0.000693758
K03282,0.000694198
K01809,0.000695224
K02028,0.000696404
K00001,0.000697312
K03536,0.000698732
K00930,0.000699792
K01737,0.00069999
K01928,0.00070015
K01940,0.000700717
K01815,0.000700914
K01776,0.000701091
K00793,0.000701118
K00655,0.000701517
K11065,0.000701966
K01662,0.00070402
K01756,0.000704046
K00176,0.000704186
K00759,0.000704256
K00014,0.000704753
K07052,0.000705026
K03177,0.000705111
K06518,0.00070697
K03086,0.00070969
K01686,0.000710647
K06217,0.000710656
K05919,0.000710866
K04751,0.000710892
K01868,0.000711066
K01921,0.000711428
K03469,0.000711544
K00638,0.000711814
K03154,0.000711981
K00794,0.000712799
K01881,0.000712985
K02501,0.000713837
K01854,0.000713887
K01606,0.000714042
K02836,0.000714145
K01491,0.000715089
K00806,0.000715434
K00088,0.000715831
K07098,0.00071599
K03218,0.000715996
K03439,0.000716006
K09748,0.000717252
K06911,0.00071774
K02967,0.000721346
K02217,0.000722996
K07001,0.000723779
K03786,0.000726818
K00677,0.000727188
K01619,0.0007272
K03327,0.000728987
K01586,0.000729007
K04079,0.000729197
K07478,0.000729993
K01610,0.000730211
K04758,0.000730274
K00948,0.000730684
K01142,0.000733317
K03613,0.000734641
K02600,0.000736597
K01507,0.000736831
K03977,0.000737833
K03617,0.000739007
K09458,0.000739469
K01876,0.000739609
K00991,0.000740103
K06966,0.000740403
K02314,0.000742829
K00046,0.000744759
K03595,0.000745065
K00927,0.000745378
K00789,0.000745988
K11175,0.000746397
K01442,0.000746919
K03544,0.000747624
K02035,0.000749163
K03526,0.000749577
K00287,0.000749758
K00616,0.000750595
K00831,0.000752086
K00783,0.000753389
K00602,0.000754387
K02008,0.000755345
K01362,0.000755688
K00928,0.000756122
K00609,0.00075699
K01689,0.000757151
K06975,0.000757265
K03402,0.000758092
K00826,0.000759131
K02945,0.000762681
K00554,0.000764345
K01885,0.000765224
K00651,0.0007656
K03925,0.00076663
K03648,0.000769064
K03470,0.000771949
K00761,0.000773021
K07491,0.000773457
K03075,0.000773565
K03284,0.000773607
K05595,0.000774598
K01993,0.000774612
K03551,0.000775628
K00950,0.00077722
K00286,0.000778207
K01875,0.000779745
K00784,0.000780235
K01579,0.000781795
K06168,0.000782906
K03976,0.000783914
K06941,0.000784084
K06949,0.000784642
K03768,0.000788918
K01262,0.000790021
K01270,0.000790279
K07029,0.000790695
K06287,0.000793988
K07665,0.000794006
K07075,0.000797501
K02520,0.000797563
K00215,0.000799181
K00721,0.000800334
K04487,0.000800756
K03737,0.000801154
K01409,0.000801983
K01810,0.000806039
K01209,0.000807441
K09888,0.000810128
K06158,0.000812769
K03699,0.000815049
K01489,0.000817103
K01652,0.000818387
K01516,0.000819931
K02111,0.000820707
K02982,0.000825121
K01056,0.000825938
K01653,0.000826022
K03924,0.000827523
K07497,0.000829919
K03687,0.00083109
K03521,0.000833498
K02040,0.000833943
K00942,0.00083786
K03553,0.000838099
K01939,0.000838153
K06173,0.000839393
K02437,0.000839612
K03076,0.000840234
K11755,0.000840741
K03602,0.000841784
K02372,0.000842201
K07114,0.000842778
K07657,0.000845542
K02112,0.000845818
K01153,0.00084644
K06921,0.000847169
K07011,0.000848331
K02057,0.000849135
K03695,0.000849211
K10947,0.00084977
K00951,0.000851515
K02115,0.000852126
K04759,0.000854592
K06969,0.000855386
K00688,0.000855867
K01448,0.000856092
K02108,0.000857256
K05970,0.000858229
K03438,0.000858286
K02113,0.000859264
K07407,0.000859305
K07447,0.000859599
K03545,0.00086077
K02988,0.00086112
K04763,0.00086164
K02429,0.000861654
K02926,0.000863701
K01966,0.000864685
K02495,0.000865176
K00058,0.000867941
K01923,0.000868028
K01752,0.000868442
K03574,0.000872331
K07727,0.000873762
K00971,0.000874918
K01803,0.000877261
K03657,0.00088096
K03308,0.000881346
K02027,0.000881749
K00656,0.000882008
K00700,0.000882175
K03040,0.000885045
K04043,0.000893735
K00175,0.000894316
K10773,0.000896967
K02906,0.000897208
K00954,0.000902575
K02031,0.00090418
K06871,0.000904454
K06896,0.000905901
K01802,0.000908941
K00760,0.000911064
K00874,0.000911464
K01955,0.000912663
K06187,0.000914394
K02469,0.000918942
K02907,0.000919695
K01588,0.000921033
K07560,0.000921845
K00067,0.000921967
K02834,0.000922111
K08998,0.000922434
K02886,0.000922457
K00703,0.000925263
K07095,0.000925876
K03534,0.000927455
K01493,0.00092924
K00986,0.000929604
K00527,0.000932155
K07636,0.000932285
K02033,0.000936133
K00891,0.000936437
K00648,0.000936965
K00788,0.000937902
K01951,0.000943139
K03797,0.000944503
K03701,0.000947488
K07137,0.000952057
K00661,0.000952436
K02939,0.000952902
K07154,0.000953177
K00790,0.000957122
K01515,0.000957577
K03654,0.000961257
K02470,0.00096171
K02871,0.000962089
K09710,0.000965283
K00876,0.000966212
K01424,0.000969647
K02032,0.000970911
K02935,0.00097328
K06925,0.000975498
K02931,0.000977471
K00939,0.0009781
K03798,0.000978992
K07568,0.000980092
K00134,0.000980391
K14155,0.000981856
K01738,0.000992568
K02933,0.000993328
K02876,0.00099463
K02863,0.000994834
K00791,0.00099515
K01783,0.000996806
K01808,0.00099908
K03630,0.000999651
K02996,0.000999853
K03522,0.001001315
K07171,0.001003097
K01462,0.001003477
K02109,0.001003705
K02968,0.001005649
K00384,0.001005782
K01443,0.001006435
K02342,0.001006816
K01520,0.001008571
K03205,0.001009205
K00226,0.001012304
K01791,0.001015082
K00262,0.001020409
K01714,0.001020794
K00640,0.001022157
K03427,0.001022436
K02601,0.001023376
K07085,0.00103641
K02030,0.001047622
K00558,0.001047635
K03664,0.001049237
K02879,0.001051893
K09686,0.00105439
K02864,0.001054695
K02034,0.001057838
K00266,0.001058644
K04068,0.001063546
K02994,0.001065673
K02881,0.001068169
K02916,0.001074262
K07566,0.001076302
K08303,0.001076496
K01770,0.001079461
K00762,0.001080003
K01126,0.001081298
K02986,0.001082099
K03498,0.001086084
K03424,0.001088089
K00973,0.001090267
K03686,0.001090711
K02878,0.001091302
K02477,0.001093073
K03210,0.001098736
K01358,0.00109939
K01991,0.001108106
K02992,0.001113732
K00012,0.001115138
K01104,0.001116571
K00705,0.001119645
K03499,0.001120529
K03569,0.001121073
K02356,0.001126483
K00847,0.001127099
K00566,0.001127627
K01840,0.001128532
K02956,0.001128846
K02503,0.00112957
K01992,0.001131278
K02946,0.001138043
K02483,0.001139347
K01740,0.001145339
K03561,0.001147845
K04069,0.001148682
K01897,0.001149184
K02016,0.001149625
K07056,0.001155353
K03585,0.001158833
K03624,0.001159369
K02884,0.001159493
K03169,0.001167501
K04077,0.001168807
K02904,0.001169447
K02838,0.001170701
K02895,0.001171952
K03287,0.001172964
K03310,0.00117347
K02950,0.001175302
K01624,0.001176914
K02114,0.001176926
K00764,0.00118128
K09687,0.001182257
K03091,0.00118522
K01790,0.001189198
K01572,0.001195684
K02952,0.001197958
K07737,0.001199896
K02902,0.001200009
K07567,0.001216826
K02013,0.001221108
K01785,0.0012235
K02887,0.001224692
K03718,0.001226442
K02890,0.001229294
K02518,0.001229646
K02867,0.001229677
K01915,0.00123849
K02965,0.001240044
K07107,0.001240083
K03655,0.001242527
K02006,0.001245783
K02029,0.00124879
K02005,0.001254455
K02970,0.001254547
K01238,0.001260061
K01206,0.001266739
K01154,0.001270255
K02892,0.001276355
K07473,0.001292813
K02888,0.001293256
K01265,0.001306664
K01734,0.001307955
K02948,0.001326333
K03100,0.001327132
K01091,0.00134377
K06889,0.001353182
K02015,0.001369939
K01759,0.001375224
K06142,0.001376045
K00945,0.001376717
K02874,0.001384314
K02961,0.001401026
K00845,0.001401552
K02110,0.001410494
K05808,0.001413377
K00975,0.001418405
K03711,0.001436236
K02963,0.001457061
K02913,0.001466441
K02954,0.001477094
K01710,0.001484283
K02959,0.001491478
K02911,0.001491568
K02564,0.001506443
K00059,0.001528207
K00615,0.001537253
K02909,0.00153878
K00680,0.001541456
K02990,0.001574333
K01187,0.00157489
K03497,0.00158175
K02355,0.001602229
K02899,0.001603278
K11189,0.001613595
K07024,0.001640369
K03832,0.00164534
K03111,0.001650798
K06180,0.001664419
K02529,0.001666999
K03296,0.001679666
K07025,0.001702375
K12373,0.001715641
K01784,0.0017696
K05349,0.001808488
K06950,0.001832485
K00850,0.001883699
K03496,0.001890199
K00100,0.001921855
K07240,0.001937131
K04078,0.001952109
K02014,0.001972207
K02078,0.001974109
K01834,0.002076724
K07133,0.002306787
K01447,0.00231214
K01990,0.002327074
K02026,0.002373436
K02025,0.002408206
K01190,0.002462966
K13993,0.002629645
K00936,0.002630435
K00754,0.003071417
K00599,0.003151722
K06147,0.003170345
K03530,0.003294296
K00540,0.003501958
K02004,0.003527391
K03671,0.003563516
K02003,0.00376002
K03088,0.009709173